UNITID,INSTNM,ADDR,CITY,STABBR,ZIP,FIPS,OBEREG,CHFNM,CHFTITLE,GENTELE,FAXTELE,EIN,OPEID,OPEFLAG,WEBADDR,ADMINURL,FAIDURL,APPLURL,NPRICURL,SECTOR,ICLEVEL,CONTROL,HLOFFER,UGOFFER,GROFFER,HDEGOFR1,DEGGRANT,HBCU,HOSPITAL,MEDICAL,TRIBAL,LOCALE,OPENPUBL,ACT,NEWID,DEATHYR,CLOSEDAT,CYACTIVE,POSTSEC,PSEFLAG,PSET4FLG,RPTMTH,IALIAS,INSTCAT,CCBASIC,CCIPUG,CCIPGRAD,CCUGPROF,CCENRPRF,CCSIZSET,CARNEGIE,LANDGRNT,INSTSIZE,CBSA,CBSATYPE,CSA,NECTA,F1SYSTYP,F1SYSNAM,F1SYSCOD,COUNTYCD,COUNTYNM,CNGDSTCD,LONGITUD,LATITUDE
131469,George Washington University,"2121 I Street, NW",Washington,DC,20052,11,2,Steven Knapp,President,2029941000,2029940325,530196584,144400,1,www.gwu.edu,www.gwu.edu/apply/,gwired.gwu.edu/finaid/,www.gwu.edu/apply/undergraduateadmissions/applytogw,undergraduate.admissions.gwu.edu/net-price-calculator,2,1,2,9,1,1,11,1,2,2,1,2,11,1,A ,-2,-2,-2,1,1,1,1,1,GWU|GW,2,15,8,14,12,5,17,15,2,5,47900,1,548,-2,2, ,-2,11001,District of Columbia,1198,-77.047871,38.89865
163204,University of Maryland-University College,3501 University Blvd East,Adelphi,MD,20783-8010,24,2,Javier Miyares,President,3019857000, ,526002033,1164400,1,www.umuc.edu,www.umuc.edu/students/admissions/,www.umuc.edu/students/aid/index.cfm,www.umuc.edu/students/admissions/apply/,www.umuc.edu/students/aid/applyforaid/netpricecalc.cfm,1,1,1,9,1,1,13,1,2,2,2,2,21,1,A ,-2,-2,-2,1,1,1,1,1,UMUC,2,18,10,7,5,5,15,21,2,5,47900,1,548,-2,1,University System of Maryland,124010,24033,Prince George's County,2405,-76.954104,38.986299
163286,University of Maryland-College Park, ,College Park,MD,20742,24,2,Wallace D. Loh,President,3014051000, ,526002033,210300,1,www.umd.edu,www.admissions.umd.edu/,www.financialaid.umd.edu/,www.admissions.umd.edu/apply/,npc.collegeboard.org/student/app/umd,1,1,1,9,1,1,11,1,2,2,1,2,21,1,A ,-2,-2,-2,1,1,1,1,1, ,2,15,11,14,13,4,16,15,1,5,47900,1,548,-2,1,University System of Maryland,124010,24033,Prince George's County,2405,-76.939704,38.988607
232186,George Mason University,4400 University Dr,Fairfax,VA,22030-4444,51,5,Angel Cabrera,President,7039931000,7039934622,540836354,374900,1,www.gmu.edu,admissions.gmu.edu/,financialaid.gmu.edu/,admissions.gmu.edu/applyNow/,financialaid.gmu.edu/NPC/npcalc.htm,1,1,1,9,1,1,11,1,2,2,2,2,21,1,A ,-2,-2,-2,1,1,1,1,1,Mason,2,16,11,15,8,5,16,16,2,5,47900,1,548,-2,2, ,-2,51059,Fairfax County,5111,-77.30794,38.83088
449339,American Public University System,111 W Congress St,Charles Town,WV,25414,54,5,Wallace E. Boston,President and Chief Executive,8774686268,3047243780,10724370,3819300,1,www.apus.edu,www.apus.edu,www.apus.edu,www.apus.edu,www.apus.edu,3,1,3,7,1,1,20,1,2,-2,2,2,31,1,A ,-2,-2,-2,1,1,1,1,3,American Military University |American Public University,2,18,10,4,5,4,15,-3,2,5,47900,1,548,-2,1,American Public Education Inc.,300320,54037,Jefferson County,5402,-77.859781,39.288383
232982,Old Dominion University,5115 Hampton Blvd,Norfolk,VA,23529,51,5,John R. Broderick,President,7576833000, ,546000884,372800,1,www.odu.edu,admissions.odu.edu/home.php,www.odu.edu/af/finaid/,admissions.odu.edu/undergraduate.php?page=forms,www.odu.edu/fusion/admission/netpricecalc.shtml,1,1,1,9,1,1,11,1,2,2,2,2,12,1,A ,-2,-2,-2,1,1,1,1,1,"ODU, Old Dominion",2,16,10,18,8,4,16,15,2,5,47260,1,545,-2,2, ,-2,51710,Norfolk city,5102,-76.309653,36.884919
141574,University of Hawaii at Manoa,"2500 Campus Road, Hawaii Hall",Honolulu,HI,96822-2217,15,8,Tom Apple,Chancellor,8089568975,8089564148,996000354,161000,1,manoa.hawaii.edu,manoa.hawaii.edu/admissions,www.hawaii.edu/fas/,www.sis.hawaii.edu/uhdad/bwskalog.P_DispLoginNon,www.hawaii.edu/fas/basics/calculator.php,1,1,1,9,1,1,11,1,2,2,1,2,11,1,A ,-2,-2,-2,1,1,1,1,1,UH at Manoa |UHM,2,15,11,14,11,5,15,15,1,5,46520,1,-2,-2,1,University of Hawaii Board of Regents,115010,15003,Honolulu County,1501,-157.816607,21.292648
100751,The University of Alabama,739 University Blvd,Tuscaloosa,AL,35487-0166,1,5,Dr. Judith L. Bonner,President,2053486010,2053487208,636001138,105100,1,www.ua.edu/,gobama.ua.edu,financialaid.ua.edu,apply.ua.edu,oira.ua.edu,1,1,1,9,1,1,11,1,2,2,2,2,13,1,A ,-2,-2,-2,1,1,1,1,1, ,2,16,14,15,10,4,16,15,2,5,46220,1,-2,-2,1,The University of Alabama System,101050,1125,Tuscaloosa County,107,-87.545766,33.2144
104179,University of Arizona,1401 E University,Tucson,AZ,85721-0066,4,6,Ann Weaver Hart,President,5206212211,5206219323,866004791,108300,1,www.arizona.edu,admissions.arizona.edu,financialaid.arizona.edu,admissions.arizona.edu/apply,oirps.arizona.edu/npc.html,1,1,1,9,1,1,11,1,2,2,1,2,11,1,A ,-2,-2,-2,1,1,1,1,1,"UA|U of A|Arizona|UofA|The University of Arizona|University of Arizona|University of Az|AZ|Univ. of Arizona|Univ. of Az|Tucson|Tucson, AZ|the university of Arizona|the Univ. of Az|the U of AZ|the U of Az|Ariz.|Arizona University|Az+university|85721|AZ+univ|AZ university|",2,15,11,14,11,4,15,15,1,5,46060,1,536,-2,1,Arizona Board of Regents,104010,4019,Pima County,403,-110.950769,32.232071
102368,Troy University,University Avenue,Troy,AL,36082-0001,1,5,"Dr. Jack Hawkins, Jr.",Chancellor,3346703100,3346703774,636001102,104700,1,www.troy.edu,admissions.troy.edu/,www.troy.edu/financialaid/,admissions.troy.edu/,admissions.troy.edu/npcalc.aspx,1,1,1,9,1,1,13,1,2,2,2,2,41,1,A ,-2,-2,-2,1,1,1,1,1,TROY,2,18,13,7,5,4,16,21,2,5,45980,2,-2,-2,2, ,-2,1109,Pike County,102,-85.950191,31.800128
187046,Thomas Edison State College,101 W State St,Trenton,NJ,08608-1176,34,2,Dr. George A. Pruitt,President,6.09984E+13,6092929000,222942727,2192200,1,www.tesc.edu,www.tesc.edu/admissions/admissions.php,www.tesc.edu/858.php,www.tesc.edu/809.php,www.tesc.edu/net_price_calc.php,1,1,1,7,1,1,20,1,2,2,2,2,13,1,A ,-2,-2,-2,1,1,1,1,1,Thomas A. Edison State College |TESC |ESC |Edison State College |Thomas Edison |Edison State |Thomas Edison University |Edison University,2,20,7,7,5,3,12,22,2,5,45940,1,408,-2,2, ,-2,34021,Mercer County,3412,-74.769652,40.22011
206084,University of Toledo,2801 W Bancroft,Toledo,OH,43606-3390,39,3,"Lloyd A. Jacobs, M.D.",President,4195304636, ,346401483,313100,1,www.utoledo.edu/,www.utoledo.edu/admission/,www.financialaid.utoledo.edu/,www.utoledo.edu/admission/apply/index.html,www.utoledo.edu/admission/cost/dhs/index.html,1,1,1,9,1,1,11,1,2,1,1,2,11,1,A ,-2,-2,-2,1,1,1,1,1, ,2,16,14,14,9,4,15,15,2,5,45780,1,534,-2,2, ,-2,39095,Lucas County,3909,-83.615225,41.65795
137351,University of South Florida-Main Campus,4202 East Fowler Ave,Tampa,FL,33620-9951,12,5,Dr. Judy Genshaft,President,8139742011,8139749689,593102112,153700,1,www.usf.edu,www.usf.edu/Admission/index.asp,usfweb2.usf.edu/finaid/,secure.vzcollegeapp.com/usf/,usfweb2.usf.edu/finaid/npc/npcalc.htm,1,1,1,9,1,1,11,1,2,2,1,2,11,1,A ,-2,-2,-2,1,1,1,1,1,USF Main Campus |USF Tampa Campus |USF Tampa,2,15,11,14,8,4,15,15,2,5,45300,1,-2,-2,1,State University System of Florida,112090,12057,Hillsborough County,1215,-82.415876,28.056647
134097,Florida State University,222 S. Copeland Street,Tallahassee,FL,32306-1037,12,5,Garnett S. Stokes,Interim President,8506442525,8506440197,591961248,148900,1,www.fsu.edu,admissions.fsu.edu/,financialaid.fsu.edu/,admissions.fsu.edu/undergradapp/,www.collegeportraits.org/FL/FSU/estimator,1,1,1,9,1,1,11,1,2,2,1,2,12,1,A ,-2,-2,-2,1,1,1,1,1,Florida State|F.S.U.|FSU|F. S. U.|Fla. State University|Fla. State|Fl State University|Fl State|FL State University|FL State|Seminoles|Noles|Florida State Seminoles|Florida State University Seminoles|Fl. State|Fl. State University|The Florida State University|Floridia State University|Florda State University|Florida State Univerisity|Flordia State University|Florida State Unversity|,2,15,11,14,13,4,15,15,2,5,45220,1,533,-2,1,State University System of Florida,112090,12073,Leon County,1202,-84.294801,30.4421
196413,Syracuse University,900 South Crouse Ave.,Syracuse,NY,13244,36,2,Kent Syverud,Chancellor and President,3154431870,3154434226,150532081,288200,1,syr.edu/,admissions.syr.edu/,financialaid.syr.edu/,syr.edu/admissions/undergraduate/applytosu/applying_for_admission/fy_in_usa.html,npc.collegeboard.org/student/app/syr,2,1,2,9,1,1,11,1,2,2,2,2,12,1,A ,-2,-2,-2,1,1,1,1,1, ,2,16,11,15,12,5,17,15,2,5,45060,1,532,-2,2, ,-2,36067,Onondaga County,3624,-76.136738,43.040525
207388,Oklahoma State University-Main Campus,107 Whitehurst,Stillwater,OK,74078-1015,40,6,President V Burns Hargis,"President, Oklahoma State University",4057445000, ,736017987,317000,1,www.okstate.edu/, ,www.okstate.edu/finaid/,admissions.okstate.edu/apply/,okstate.studentaidcalculator.com/welcome.aspx,1,1,1,9,1,1,11,1,2,2,1,2,32,1,A ,-2,-2,-2,1,1,1,1,1, ,2,16,14,14,11,4,16,15,1,5,44660,2,-2,-2,1,Oklahoma State System of Higher Education,140030,40119,Payne County,4003,-97.069743,36.123085
139931,Georgia Southern University,"Brannen Hall, 2670 Southern Drive",Statesboro,GA,30460-8126,13,5,Brooks A. Keel,President,9124785391,9124781156,586002059,157200,1,www.georgiasouthern.edu,admissions.georgiasouthern.edu/,students.georgiasouthern.edu/finaid/,admissions.georgiasouthern.edu/,www.collegeportraits.org/GA/GSOU/estimator/agree,1,1,1,9,1,1,12,1,2,2,2,2,33,1,A ,-2,-2,-2,1,1,1,1,1, ,2,17,13,12,11,3,16,21,2,5,44340,2,496,-2,1,University System of Georgia,113020,13031,Bulloch County,1312,-81.782201,32.427756
214777,Pennsylvania State University-Main Campus,201 Old Main,University Park,PA,16802-1503,42,2,Dr. Rodney A. Erickson,President,8148654700, ,246000376,332900,1,www.psu.edu/,admissions.psu.edu/,studentaid.psu.edu/,admissions.psu.edu/apply/,tuition.psu.edu/costestimate.aspx,1,1,1,9,1,1,11,1,2,1,2,2,13,1,A ,-2,-2,-2,1,1,1,1,1,Penn State,2,15,14,15,12,4,16,15,1,5,44300,1,524,-2,1,The Pennsylvania State University,142060,42027,Centre County,4205,-77.861644,40.800732
176080,Mississippi State University,Lee Boulevard,Mississippi State,MS,39762,28,5,Dr. Mark Keenum,President,6623252323, ,646000819,242300,1,www.msstate.edu/,www.admissions.msstate.edu/,www.sfa.msstate.edu/,www.msstate.edu/web/applyonline.php,www.collegeportraits.org/MS/MSU/estimator/agree,1,1,1,9,1,1,11,1,2,2,1,2,33,1,A ,-2,-2,-2,1,1,1,1,1, ,2,15,14,14,11,4,16,15,1,5,44260,2,-2,-2,1,Mississippi Institutions of Higher Learning,128010,28105,Oktibbeha County,2803,-88.78834,33.455241
179566,Missouri State University-Springfield,901 S National,Springfield,MO,65897,29,4,Mr. Cliff Smart,President,4178365000, ,446000308,250300,1,www.missouristate.edu,www.missouristate.edu/admissions/,www.missouristate.edu/FinancialAid/,https://www.missouristate.edu/futurestudents/applynow.aspx,missouristate.studentaidcalculator.com/welcome.aspx,1,1,1,9,1,1,13,1,2,2,2,2,12,1,A ,-2,-2,-2,1,1,1,1,1, ,2,18,13,4,11,4,16,21,2,5,44180,1,520,-2,1,Missouri State University,129080,29077,Greene County,2907,-93.276821,37.197983
166629,University of Massachusetts-Amherst,374 Whitmore Building 181 Presidents Drive,Amherst,MA,1003,25,1,Kumble R. Subbaswamy,Chancellor,4135450111, ,43167352,222100,1,www.umass.edu,www.umass.edu/umhome/admissions.php.html,www.umass.edu/umfa/,www.spire.umass.edu/psp/heproda/EMPLOYEE/HRMS/c/UM_SELF_SERVICE.UM_ADM_GRAD_LOGIN.GBL?FolderPath=PORTAL_ROOT_OBJECT.UM_ADM_SELF_SERVICE.UM_ADM,www.umass.edu/umfa/netprice/npcalc.htm,1,1,1,9,1,1,11,1,2,2,2,2,21,1,A ,-2,-2,-2,1,1,1,1,1,UMass Amherst,2,15,8,15,12,4,17,15,1,5,44140,1,521,78100,1,University of Massachusetts,125030,25015,Hampshire County,2502,-72.52613,42.386105
236948,University of Washington-Seattle Campus,1400 NE Campus Parkway,Seattle,WA,98195-4550,53,8,Michael Young,President,2065432100, ,160001537,379800,1,www.washington.edu,admit.washington.edu/admission/,www.washington.edu/students/osfa/,admit.washington.edu/admission/,www.washington.edu/students/osfa/prospectiveug/aid.est.1.html,1,1,1,9,1,1,11,1,2,1,1,2,11,1,A ,-2,-2,-2,1,1,1,1,1,"UW-Seattle, UDub, UW, Washington",2,15,8,14,12,5,15,15,2,5,42660,1,500,-2,1,University of Washington,153010,53033,King County,5307,-122.313115,47.656213
110705,University of California-Santa Barbara,5221 Cheadle Hall,Santa Barbara,CA,93106,6,8,Henry T Yang,Chancellor,8058938000, ,956006145,132000,1,www.ucsb.edu,www.admissions.ucsb.edu/,www.finaid.ucsb.edu/,www.universityofcalifornia.edu/admissions/undergrad_adm/apply_to_uc.html,www.finaid.ucsb.edu/Prospective/AidEstimator.aspx,1,1,1,9,1,1,12,1,2,2,2,2,22,1,A ,-2,-2,-2,1,1,1,1,1,UCSB |UC Santa Barbara,2,15,5,15,13,4,16,15,2,5,42200,1,-2,-2,1,University of California,106080,6083,Santa Barbara County,624,-119.848031,34.415402
122755,San Jose State University,1 Washington Sq,San Jose,CA,95192-0001,6,8,Mo Qayoumi,President,4089241000, ,770414438,115500,1,www.sjsu.edu, , , ,www.csumentor.edu/finaid/pais/,1,1,1,7,1,1,20,1,2,2,2,2,11,1,A ,-2,-2,-2,1,1,1,1,1, ,2,18,14,4,8,4,15,21,2,5,41940,1,488,-2,1,California State University,106020,6085,Santa Clara County,619,-121.881214,37.335201
110635,University of California-Berkeley,200 California Hall,Berkeley,CA,94720,6,8,Nicholas B. Dirks,Chancellor,5106426000, ,946002123,131200,1,www.berkeley.edu, , , ,calculator.berkeley.edu/,1,1,1,9,1,1,11,1,2,2,2,2,12,1,A ,-2,-2,-2,1,1,1,1,1,UC Berkeley,2,15,5,15,13,5,16,15,1,5,41860,1,488,-2,1,University of California,106080,6001,Alameda County,613,-122.260401,37.871519
122597,San Francisco State University,1600 Holloway Ave,San Francisco,CA,94132,6,8,Leslie Wong,President,4153381111, ,931137247,115400,1,www.sfsu.edu,www.sfsu.edu/future/appcentral/appcentral.html,www.sfsu.edu/~finaid/,www.csumentor.edu/AdmissionApp/,www.csumentor.edu/finaid/pais/,1,1,1,9,1,1,11,1,2,2,2,2,11,1,A ,-2,-2,-2,1,1,1,1,1, ,2,18,11,13,8,4,15,21,2,5,41860,1,488,-2,1,California State University,106020,6075,San Francisco County,614,-122.477905,37.721345
110680,University of California-San Diego,9500 Gilman Dr,La Jolla,CA,92093,6,8,Pradeep Khosla,Chancellor,8585342230, ,956006144,131700,1,www.ucsd.edu,www.ucsd.edu/prospective-students/undergrad.html,www.ucsd.edu,www.universityofcalifornia.edu/admissions/how-to-apply/apply-online/index.html,students.ucsd.edu/finances/financial-aid/forms/calculator.html,1,1,1,9,1,1,11,1,2,1,1,2,11,1,A ,-2,-2,-2,1,1,1,1,1,UCSD |UC San Diego,2,15,5,14,13,4,16,15,2,5,41740,1,-2,-2,1,University of California,106080,6073,San Diego County,649,-117.237793,32.876598
122409,San Diego State University,5500 Campanile Dr,San Diego,CA,92182,6,8,Elliot L.Hirshman,President,6195945200, ,330373293,115100,1,www.sdsu.edu, , , ,www.csumentor.edu/finaid/pais/,1,1,1,9,1,1,14,1,2,2,2,2,11,1,A ,-2,-2,-2,1,1,1,1,1, ,2,16,11,18,11,4,15,16,2,5,41740,1,-2,-2,1,California State University,106020,6073,San Diego County,653,-117.071228,32.77525
229027,The University of Texas at San Antonio,One UTSA Circle,San Antonio,TX,78249-1644,48,6,Ricardo Romo,President,2104584011, ,417171158,1011500,1,www.utsa.edu/,www.utsa.edu/admissions/,www.utsa.edu/financialaid/,www.applytexas.org,bluebook.utsa.edu/AttendanceCost.aspx,1,1,1,9,1,1,12,1,2,2,2,2,11,1,A ,-2,-2,-2,1,1,1,1,1,UTSA,2,16,11,15,11,3,15,21,2,5,41700,1,-2,-2,1,The University of Texas System,148060,48029,Bexar County,4820,-98.621386,29.582418
230764,University of Utah,"201 Presidents Circle, ROOM 203",Salt Lake City,UT,84112-9008,49,7,David W. Pershing,President,8015817200, ,876000525,367500,1,www.utah.edu,www.sa.utah.edu/admiss/,www.sa.utah.edu/finance/,https://www.acs.utah.edu/prod/bin/student/admission-application?targetPage=AdmApplicationInformationPage&cmd=init,www.obia.utah.edu/content/vsa_ccc/npcalc.htm,1,1,1,9,1,1,11,1,2,1,1,2,12,1,A ,-2,-2,-2,1,1,1,1,1,The U,2,15,11,14,8,5,15,15,2,5,41620,1,482,-2,1,Utah System of Higher Education,149020,49035,Salt Lake County,4902,-111.846044,40.762484
433387,Western Governors University,"4001 East 700 South, Suite 700",Salt Lake City,UT,84107,49,7,Robert Mendenhall,President,8012743280,8012743305,841383926,3339400,1,www.wgu.edu,www.wgu.edu/admissions/requirements.asp,www.wgu.edu/tuition_financial_aid/financial_aid_application.asp,www.wgu.edu/wgu/app/app_step0.asp,www.wgu.edu/tuition_financial_aid/net_price_calculator,2,1,2,7,1,1,20,1,2,2,2,2,21,1,A ,-2,-2,-2,1,1,1,1,3,WGU |Western Governors,2,18,16,6,9,5,15,-3,2,5,41620,1,482,-2,2, ,-2,49035,Salt Lake County,4904,-111.869857,40.684783
110617,California State University-Sacramento,6000 J St,Sacramento,CA,95819-2694,6,8,Alexander Gonzalez,President,9162786011, ,680365325,115000,1,www.csus.edu,www.csus.edu/admissions/,www.csus.edu/faid/,www.csumentor.edu/AdmissionApp/,www.csumentor.edu/finaid/pais/,1,1,1,9,1,1,14,1,2,2,2,2,11,1,A ,-2,-2,-2,1,1,1,1,1,Sacramento State,2,18,11,13,9,4,15,21,2,5,40900,1,472,-2,1,California State University,106020,6067,Sacramento County,606,-121.42194,38.55745
110644,University of California-Davis,One Shields Avenue,Davis,CA,95616-8678,6,8,Linda P.B. Katehi,Chancellor,5307521011, ,946036494,131300,1,www.ucdavis.edu,www.ucdavis.edu/admissions/,financialaid.ucdavis.edu/,universityofcalifornia.edu/admissions/undergrad_adm/apply/apply_online.html,financialaid.ucdavis.edu/aidEstimator/ucdcalcmain.aspx,1,1,1,9,1,1,11,1,2,1,1,2,23,1,A ,-2,-2,-2,1,1,1,1,1,UC Davis,2,15,8,14,13,4,16,15,1,5,40900,1,472,-2,1,University of California,106080,6113,Yolo County,603,-121.751958,38.539895
110671,University of California-Riverside,900 University Ave,Riverside,CA,92521,6,8,Kim A. Wilcox,Chancellor,9518271012, ,956006142,131600,1,WWW.UCR.EDU,my.ucr.edu,finaid.ucr.edu,www.universityofcalifornia.edu/admissions/undergrad_adm/apply/apply_online.html,www.finaidestimator.ucr.edu/,1,1,1,9,1,1,12,1,2,2,2,2,11,1,A ,-2,-2,-2,1,1,1,1,1,UC Riverside,2,15,8,15,10,4,16,15,1,5,40140,1,348,-2,1,University of California,106080,6065,Riverside County,641,-117.331098,33.97588
234030,Virginia Commonwealth University,910 W Franklin St,Richmond,VA,23284-2512,51,5,Dr. Michael Rao,President,8048280100,8048281899,546001758,373500,1,www.vcu.edu/,www.vcu.edu/apply/,www.enrollment.vcu.edu/finaid/,www.ugrad.vcu.edu/index.html,npc.collegeboard.org/student/app/vcu,1,1,1,9,1,1,11,1,2,1,1,2,12,1,A ,-2,-2,-2,1,1,1,1,1,VCU,2,15,11,14,11,4,15,15,2,5,40060,1,-2,-2,2, ,-2,51760,Richmond city,5103,-77.453597,37.547631
199193,North Carolina State University at Raleigh,2101 Hillsborough Street,Raleigh,NC,27695-7001,37,5,Dr. W. Randolph Woodson,Chancellor,9195152011, ,566000756,297200,1,www.ncsu.edu,www.ncsu.edu/future-students/admissions/index.php,www.fis.ncsu.edu/financial_aid/,www.ncsu.edu/future-students/apply/index.php,www.collegeportraits.org/NC/NC-State/estimator/agree,1,1,1,9,1,1,11,1,2,2,1,2,11,1,A ,-2,-2,-2,1,1,1,1,1,NC State University | NC State | N C State University | N C State | NCSU,2,15,11,17,12,4,16,15,1,5,39580,1,450,-2,1,University of North Carolina,137030,37183,Wake County,3704,-78.674517,35.785111
236939,Washington State University,French Administration Building,Pullman,WA,99164-5910,53,8,Elson S. Floyd,President,5093353564,5093354902,916001108,380000,1,wsu.edu/,admission.wsu.edu/,finaid.wsu.edu,admission.wsu.edu/applications/,osfaappserver.french.wsu.edu/ofas/forms/npc,1,1,1,9,1,1,11,1,2,2,1,2,32,1,A ,-2,-2,-2,1,1,1,1,1, ,2,15,11,14,11,4,16,15,1,5,39420,2,446,-2,2, ,-2,53075,Whitman County,5305,-117.158168,46.730448
230038,Brigham Young University-Provo,Main Campus,Provo,UT,84602,49,7,Cecil O. Samuelson,President,8014224636, ,870217280,367000,1,www.byu.edu,saas.byu.edu/tools/b4byu/sites/b4/,saas.byu.edu/financialAid/,besmart.com/Admissions,saas.byu.edu/financialAid/netpricecalculator/BYU_NetPriceCalculator.htm,2,1,2,9,1,1,11,1,2,2,2,2,12,1,A ,-2,-2,-2,1,1,1,1,1,BYU,2,16,11,18,12,3,15,15,2,5,39340,1,482,-2,2, ,-2,49049,Utah County,4903,-111.649281,40.250851
230737,Utah Valley University,800 W University Parkway,Orem,UT,84058-5999,49,7,Matthew S. Holland,College President,8018638000,8012254677,870280648,402700,1,www.uvu.edu,www.uvu.edu/admissions/,www.uvu.edu/financialaid/,www.uvu.edu/admissions/,www.collegeportraits.org/UT/UVU/estimator/agree,1,1,1,7,1,1,20,1,2,2,2,2,13,1,A ,-2,-2,-2,1,1,1,1,1,UVU,2,22,12,-1,5,3,15,33,2,5,39340,1,482,-2,1,Utah System of Higher Education,149020,49049,Utah County,4903,-111.717058,40.278512
209807,Portland State University,724 SW Harrison,Portland,OR,97201,41,8,Wim Wiewel,President,5037253511, ,936001786,321600,1,www.pdx.edu,www.pdx.edu/admissions/profile/william-h-feyerherm,www.pdx.edu/finaid/,www.pdx.edu/admissions/apply-to-psu,www.pdx.edu/finaid/net-price-calculator,1,1,1,9,1,1,12,1,2,2,2,2,11,1,A ,-2,-2,-2,1,1,1,1,1, ,2,16,11,17,8,4,15,16,2,5,38900,1,440,-2,1,Oregon University System,141020,41051,Multnomah County,4103,-122.683553,45.511229
215293,University of Pittsburgh-Pittsburgh Campus,4200 Fifth Avenue,Pittsburgh,PA,15260,42,2,Mark A Nordenberg,Chancellor and Chief Executive Officer,4126244141, ,250965591,337900,1,www.pitt.edu,www.oafa.pitt.edu,www.oafa.pitt.edu/fahome.aspx,www.oafa.pitt.edu/applying.aspx,www.npc.pitt.edu/pittsburgh/npcalc.htm,1,1,1,9,1,1,11,1,2,2,1,2,11,1,A ,-2,-2,-2,1,1,1,1,1, ,2,15,8,14,13,5,16,15,2,5,38300,1,430,-2,1,University of Pittsburgh,142070,42003,Allegheny County,4214,-79.954692,40.444502
104151,Arizona State University-Tempe,University Drive and Mill Avenue,Tempe,AZ,85287,4,6,Michael M. Crow,President,4809659011,4809653610,860196696,108100,1,www.asu.edu/,students.asu.edu/admission,students.asu.edu/financialaid,webapp4.asu.edu/ugapp/mainmenulogic,students.asu.edu/costs,1,1,1,9,1,1,11,1,2,2,2,2,12,1,A ,-2,-2,-2,1,1,1,1,1,ASU Tempe,2,15,11,15,11,4,15,15,2,5,38060,1,-2,-2,1,Arizona Board of Regents,104010,4013,Maricopa County,409,-111.940011,33.421922
104717,Grand Canyon University,3300 W Camelback Rd,Phoenix,AZ,85017,4,6,Brian Mueller,Chief Executive Officer,8008009776,6026397838,203356009,107400,1,www.gcu.edu, , , ,www.gcu.edu,3,1,3,9,1,1,12,1,2,-2,2,2,11,1,A ,-2,-2,-2,1,1,1,1,1, ,2,18,16,9,5,5,15,21,2,5,38060,1,-2,-2,2, ,-2,4013,Maricopa County,407,-112.129917,33.512172
372213,University of Phoenix-Online Campus,3157 E. Elwood Street,Phoenix,AZ,85034-7209,4,6,"William Pepicello, PhD",President,8667660766, ,860344364,12098850,1,www.phoenix.edu/, ,faw.phoenix.edu,myapply.phoenix.edu,www.phoenix.edu/tuition_and_financial_options/tuition_and_fees.html,3,1,3,9,1,1,12,1,2,-2,2,2,11,1,A ,-2,-2,-2,1,1,1,1,3, ,2,17,2,18,9,4,15,-3,2,5,38060,1,-2,-2,1,University of Phoenix,304820,4013,Maricopa County,407,-111.981777,33.406918
130943,University of Delaware,104 Hullihen Hall,Newark,DE,19716,10,2,Patrick T. Harker,President,3028312000,3028318000,516000297,143100,1,www.udel.edu/,www.udel.edu/admissions/,www.udel.edu/finaid/,www.udel.edu/admissions/apply/,www.udel.edu/npc/,1,1,1,9,1,1,11,1,2,2,2,2,21,1,A ,-2,-2,-2,1,1,1,1,1,UD,2,15,11,15,12,4,16,15,1,5,37980,1,428,-2,2, ,-2,10003,New Castle County,1000,-75.7536,39.679791
210809,American College of Financial Services,270 S. Bryn Mawr Ave,Bryn Mawr,PA,19010-2196,42,2,Laurence Barton,President and CEO,6105261000, ,231352008,3317300,3,www.theamericancollege.edu, , , ,www.theamericancollege.edu,2,1,2,9,2,1,12,1,2,2,2,2,21,1,A ,-2,-2,-2,1,1,1,2,3,The American College,1,29,-2,-2,-2,7,-2,55,2,5,37980,1,428,-2,2, ,-2,42045,Delaware County,4207,-75.326655,40.018084
212054,Drexel University,3141 Chestnut St,Philadelphia,PA,19104,42,2,John A. Fry,President,2158952000,2158951714,231352630,325600,1,www.drexel.edu,www.drexel.edu/admissions/overview.aspx,www.drexel.edu/financialaid/,www.drexel.edu/admissions/apply/,www.drexel.edu/undergrad/financing/calculator/,2,1,2,9,1,1,11,1,2,2,1,2,11,1,A ,-2,-2,-2,1,1,1,1,1,Drexel,2,16,14,17,13,5,16,16,2,5,37980,1,428,-2,2, ,-2,42101,Philadelphia County,4202,-75.188745,39.954855
215062,University of Pennsylvania,34th & Spruce Street,Philadelphia,PA,19104-6303,42,2,Amy Gutmann,President,2158985000, ,231352685,337800,1,www.upenn.edu,www.upenn.edu/admissions/,www.sfs.upenn.edu/,www.admissions.upenn.edu/apply/,npc.collegeboard.org/student/app/upenn,2,1,2,9,1,1,11,1,2,1,1,2,11,1,A ,-2,-2,-2,1,1,1,1,1,"Penn, U of PA, U-Penn, U of P, Pennsylvania, UPenn, Pennsylvania University, University of Pennsylvania, Wharton, Wharton School of Business",2,15,11,14,12,6,17,15,2,5,37980,1,428,-2,2, ,-2,42101,Philadelphia County,4202,-75.193618,39.951002
216339,Temple University,1801 North Broad Street,Philadelphia,PA,19122-6096,42,2,Neil D. Theobald,President,2152047000, ,231365971,337100,1,www.temple.edu,www.temple.edu/admissions,www.temple.edu/sfs,www.temple.edu/apply,npc.collegeboard.org/student/app/temple,1,1,1,9,1,1,11,1,2,1,1,2,11,1,A ,-2,-2,-2,1,1,1,1,1, ,2,16,14,14,11,4,15,15,2,5,37980,1,428,-2,2, ,-2,42101,Philadelphia County,4202,-75.158267,39.980943
132903,University of Central Florida,4000 Central Florida Blvd,Orlando,FL,32816,12,5,John C Hitt,President,4078232000, ,592924021,395400,1,www.ucf.edu/,www.ucf.edu/admissions/,finaid.ucf.edu/,https://admissions.ucf.edu/application/login.aspx?ReturnUrl=%2fapplication%2f,finaid.ucf.edu/NetPriceCalculator/,1,1,1,9,1,1,11,1,2,2,1,2,21,1,A ,-2,-2,-2,1,1,1,1,1,UCF,2,15,14,15,8,4,15,16,2,5,36740,1,422,-2,1,State University System of Florida,112090,12095,Orange County,1207,-81.198805,28.60106
134237,Full Sail University,3300 University Blvd,Winter Park,FL,32792-7429,12,5,Edward E. Haddock Jr.,CEO/Co-Chairman,4076790100, ,592111456,2362100,1,www.fullsail.edu,www.fullsail.edu/admissions,www.fullsail.edu/admissions/financial-aid,secure01.fullsail.com/enroll/,fullsail.studentaidcalculator.com/welcome.aspx,3,1,3,7,1,1,20,1,2,-2,2,2,21,1,A ,-2,-2,-2,1,1,1,1,3, ,2,18,16,10,9,4,12,40,2,5,36740,1,422,-2,2, ,-2,12095,Orange County,1207,-81.301286,28.596546
390701,Everest University-South Orlando,9200 Soutpark Center Loop,Orlando,FL,32819,12,5,Stephen Guidry,Campus President,4.07851E+12,4078511477,330717605,149901,1,www.everest.edu/campus/south_orlando, , , ,www.Everest.edu/npc,3,1,3,7,1,1,20,1,2,-2,2,2,21,1,A ,-2,-2,-2,1,1,1,1,3,Florida Metropolitan University-South Orlando,3,23,2,7,5,3,12,22,2,5,36740,1,422,-2,1,Corinthian Colleges Inc.,301230,12095,Orange County,1210,-81.426942,28.434702
207500,University of Oklahoma-Norman Campus,660 Parrington Oval,Norman,OK,73019-3072,40,6,David L. Boren,President,4053250311, ,736017987,318400,1,www.ou.edu,www.ou.edu,www.ou.edu/financialaid.html,www.ou.edu/go2.html,netprice.ou.edu/,1,1,1,9,1,1,11,1,2,2,2,2,22,1,A ,-2,-2,-2,1,1,1,1,1,University of Oklahoma|Oklahoma University|OU|Oklahoma,2,15,11,15,13,4,16,15,2,5,36420,1,416,-2,2, ,-2,40027,Cleveland County,4004,-97.445692,35.208152
230782,Weber State University,3848 Harrison Blvd,Ogden,UT,84408-1137,49,7,Dr. Charles A. Wight,President,8016266000,8016266747,876000535,368000,1,www.weber.edu,weber.edu/admissions/,weber.edu/financialaid/,www.weber.edu/admissions/studentapplication.html,www.weber.edu/IR/NetPriceCalculator.html,1,1,1,7,1,1,20,1,2,2,2,2,13,1,A ,-2,-2,-2,1,1,1,1,1,WSU,2,19,13,7,5,3,15,22,2,5,36260,1,482,-2,1,Utah System of Higher Education,149020,49057,Weber County,4901,-111.94484,41.19258
186380,Rutgers University-New Brunswick,83 Somerset St,New Brunswick,NJ,08901-1281,34,2,Robert L. Barchi,President,7329321766, ,226001086,262900,1,www.rutgers.edu/,admissions.rutgers.edu/,studentaid.rutgers.edu/,admissions.rutgers.edu/ApplyNow/ApplicationsAndTheBasics.aspx,studentaid.rutgers.edu/npc/,1,1,1,9,1,1,11,1,2,2,2,2,13,1,A ,-2,-2,-2,1,1,1,1,1,"Rutgers, The State University of New Jersey|Rutgers, The State University|Rutgers University|Rutgers, New Brunswick Campus|Rutgers-New Brunswick Campus|Rutgers-New Jersey|Rutgers, The State University New Brunswick/Piscataway Campus|Rutgers, New Brunswick|Rutgers|RU|Rutgers, New Jersey",2,15,8,15,13,4,17,15,1,5,35620,1,408,-2,2, ,-2,34023,Middlesex County,3406,-74.45051,40.503796
190150,Columbia University in the City of New York,West 116 St and Broadway,New York,NY,10027,36,2,Lee C. Bollinger,President,2128541754, ,603800000,270700,1,www.columbia.edu,www.columbia.edu/content/admissions.html,www.columbia.edu/cu/sfs/index.html,admissions.columbia.edu/,www.studentaffairs.columbia.edu/finaid/npc,2,1,2,9,1,1,11,1,2,2,1,2,11,1,A ,-2,-2,-2,1,1,1,1,1, ,2,15,8,14,12,6,17,15,2,5,35620,1,408,-2,2, ,-2,36061,New York County,3610,-73.961885,40.808286
190594,CUNY Hunter College,695 Park Ave,New York,NY,10065,36,2,Jennifer Raab,President,2127724000, ,133893536,268900,1,www.hunter.cuny.edu,www.hunter.cuny.edu/admissions,www.hunter.cuny.edu/onestop/finances/financial-aid,www.hunter.cuny.edu/graduateadmissions/applying/degree-application/application-requirements/supporting-documents-submission,portal0.uapc.cuny.edu/uapc/public/fin_aid/financial_aid_estimator/FinAidEstimator.jsp,1,1,1,9,1,1,11,1,2,2,2,2,11,1,A ,-2,-2,-2,1,1,1,1,1,Hunter | Hunter College,2,18,5,4,8,4,15,21,2,5,35620,1,408,-2,1,City University of New York,136010,36061,New York County,3612,-73.964795,40.768669
193900,New York University,70 Washington Sq South,New York,NY,10012-1091,36,2,John E. Sexton,President,2129981212, ,135562308,278500,1,www.nyu.edu, , , ,www.nyu.edu/admissions/financial-aid-and-scholarships/financial-aid-calculator.html,2,1,2,9,1,1,11,1,2,2,1,2,11,1,A ,-2,-2,-2,1,1,1,1,1, ,2,15,8,14,12,5,17,15,2,5,35620,1,408,-2,2, ,-2,36061,New York County,3610,-73.997264,40.729452
195809,St John's University-New York,8000 Utopia Pky,Queens,NY,11439,36,2,"Rev. Joseph L. Levesque, C.M.",President (Interim),7189906161,7189905723,111630830,282300,1,www.stjohns.edu,www.stjohns.edu/admission,www.stjohns.edu/services/financial,www.stjohns.edu/admission/undergraduate/apply,www.stjohns.edu/services/financial/netprice.stj,2,1,2,9,1,1,11,1,2,2,2,2,11,1,A ,-2,-2,-2,1,1,1,1,1, ,2,17,10,18,10,4,16,16,2,5,35620,1,408,-2,2, ,-2,36081,Queens County,3605,-73.795301,40.721979
196097,Stony Brook University,310 Administration Building,Stony Brook,NY,11794,36,2,Samuel L. Stanley,President,6316326000, ,146013200,283800,1,www.stonybrook.edu,www.stonybrook.edu/sb/admissions.shtml,www.stonybrook.edu/finaid/,www.stonybrook.edu/ugadmissions/applying/applyonline.shtml,www.stonybrook.edu/finaid/,1,1,1,9,1,1,11,1,2,1,1,2,21,1,A ,-2,-2,-2,1,1,1,1,1,SUNY Stony Brook |State University of New York at Stony Brook,2,15,8,14,13,5,17,15,2,5,35620,1,408,-2,1,State University of New York System,136040,36103,Suffolk County,3601,-73.123595,40.913138
220978,Middle Tennessee State University,1301 East Main Street,Murfreesboro,TN,37132,47,5,Dr. Sidney A. McPhee,President,6158982300, ,626005794,351000,1,www.mtsu.edu,www.mtsu.edu/admissn/,www.mtsu.edu/admissn/fin_admissn.php,www.mtsu.edu/applynow/,www.mtsu.edu/financialaid/npcalc/npcalc.htm,1,1,1,9,1,1,12,1,2,2,2,2,12,1,A ,-2,-2,-2,1,1,1,1,1, ,2,17,10,15,10,3,15,16,2,5,34980,1,400,-2,1,The State University and Community College System of Tennessee,147010,47149,Rutherford County,4704,-86.362094,35.849139
150136,Ball State University,2000 University Ave,Muncie,IN,47306,18,3,Dr. Jo Ann M. Gora,President,7652891241, ,356000221,178600,1,www.bsu.edu,www.bsu.edu/web/admissions/,www.bsu.edu/finaid,cms.bsu.edu/admissions/undergraduateadmissions/applynow,cms.bsu.edu/admissions/scholarshipsandfinancialaid/netpricecalculator,1,1,1,9,1,1,11,1,2,2,2,2,13,1,A ,-2,-2,-2,1,1,1,1,1,BSU|Ball U,2,16,13,15,10,4,16,16,2,5,34620,1,294,-2,2, ,-2,18035,Delaware County,1806,-85.408863,40.198942
169248,Central Michigan University,106 Warriner Hall,Mount Pleasant,MI,48859,26,3,George E. Ross,President,9897744000,9897741408,386004447,224300,1,www.cmich.edu,https://www.cmich.edu/admissions,https://www.cmich.edu/ess/OSFA,https://apply.cmich.edu,netconnect.cmich.edu/netpricecalculator,1,1,1,9,1,1,11,1,2,2,2,2,32,1,A ,-2,-2,-2,1,1,1,1,1, ,2,17,13,18,10,4,16,16,2,5,34380,2,394,-2,2, ,-2,26073,Isabella County,2604,-84.775275,43.591137
238032,West Virginia University,"Stewart Hall, 1500 University Avenue",Morgantown,WV,26506-6201,54,5,E. Gordon Gee,President,3042930111,3042935883,556000842,382700,1,www.wvu.edu/,adm.wvu.edu,www.finaid.wvu.edu,apply.wvu.edu/,www.finaid.wvu.edu/net_price_calculator,1,1,1,9,1,1,11,1,2,2,1,2,13,1,A ,-2,-2,-2,1,1,1,1,1,WVU,2,16,11,14,10,4,16,15,1,5,34060,1,390,-2,1,West Virginia Higher Education Policy Commission,154080,54061,Monongalia County,5401,-79.953926,39.63468
125231,Walden University,"100 Washington Avenue South, Suite 900",Minneapolis,MN,55401,27,4,Cynthia Baum,President,8009253368,6123385092,650353783,2504200,1,www.waldenu.edu,www.waldenu.edu/Admissions.htm,www.waldenu.edu/Tuition-and-Financial-Aid/Federal-Financial-Aid.htm,www.waldenu.edu/Admissions.htm,www.waldenu.edu/Tuition-and-Financial-Aid/NetPriceCalculator.htm,3,1,3,9,1,1,12,1,2,-2,2,2,11,1,A ,-2,-2,-2,1,1,1,1,1, ,2,17,17,18,5,6,15,16,2,5,33460,1,378,-2,1,Laureate Education Inc.,302810,27053,Hennepin County,2705,-93.265731,44.98137
174066,University of Minnesota-Twin Cities,100 Church Street SE,Minneapolis,MN,55455-0213,27,4,Eric W. Kaler,President,6126255000, ,416007513,396900,1,www1.umn.edu/twincities/index.php,www1.umn.edu/twincities/admissions.php,onestop.umn.edu/finances/financial_aid/index.html,www.uofminn.org/10477/login.asp,npc.collegeboard.org/student/app/tcumn,1,1,1,9,1,1,11,1,2,2,1,2,11,1,A ,-2,-2,-2,1,1,1,1,1, ,2,15,11,14,13,5,15,15,1,5,33460,1,378,-2,1,University of Minnesota,127020,27053,Hennepin County,2705,-93.235352,44.977886
413413,Capella University,"225 South 6th Street, 9th Floor",Minneapolis,MN,55402-3389,27,4,Scott Kinney,University President,8882273552,6129775060,411717955,3267300,1,www.capella.edu,www.capella.edu/admissions/,www.capella.edu/tuition-financial-aid/,portal.capella.edu/appCenter.html,www.capella.edu/tuition-calculator/,3,1,3,9,1,1,11,1,2,-2,2,2,11,1,A ,-2,-2,-2,1,1,1,1,1, ,2,17,14,18,5,6,15,59,2,5,33460,1,378,-2,1,Capella Education Company,300770,27053,Hennepin County,2705,-93.268714,44.976186
240453,University of Wisconsin-Milwaukee,2200 E Kenwood Blvd,Milwaukee,WI,53201-0413,55,3,Michael R. Lovell,Chancellor,4142291122,6082630544,396006492,389600,1,www.uwm.edu,www4.uwm.edu/admission/,www4.uwm.edu/financialaid/,https://apply.wisconsin.edu,www4.uwm.edu/financialaid/calculator/NPC/,1,1,1,9,1,1,11,1,2,2,2,2,11,1,A ,-2,-2,-2,1,1,1,1,1,UWM,2,16,11,15,11,4,15,15,2,5,33340,1,376,-2,1,University of Wisconsin System,155010,55079,Milwaukee County,5504,-87.880488,43.076848
133669,Florida Atlantic University,777 Glades Rd,Boca Raton,FL,33431-0991,12,5,Dennis J. Crudele,Interim President,5612973000, ,650385507,148100,1,www.fau.edu/,www.fau.edu/admissions/,www.fau.edu/finaid/,www.fau.edu/admissions/Apply_Online.php,www.fau.edu/admissions/npcalc.htm,1,1,1,9,1,1,11,1,2,2,2,2,13,1,A ,-2,-2,-2,1,1,1,1,1,FAU,2,16,14,18,6,4,15,16,2,5,33100,1,370,-2,1,State University System of Florida,112090,12099,Palm Beach County,1222,-80.102293,26.372536
133951,Florida International University,11200 S. W. 8 Street,Miami,FL,33199,12,5,Mark Rosenberg,President,3053482000, ,596001874,963500,1,www.fiu.edu,admissions.fiu.edu/,finaid.fiu.edu/,www.fiu.edu,www.collegeportraits.org/FL/FIU/estimator/agree,1,1,1,9,1,1,11,1,2,2,1,2,21,1,A ,-2,-2,-2,1,1,1,1,1,FIU,2,16,14,15,8,4,15,15,2,5,33100,1,370,-2,1,State University System of Florida,112090,12086,Miami-Dade County,1226,-80.377591,25.757111
136215,Nova Southeastern University,3301 College Ave,Fort Lauderdale,FL,33314-7796,12,5,"George L. Hanbury, II",President/CEO,9542627300, ,591083502,150900,1,www.nova.edu,www.nova.edu/admissions.html,www.nova.edu/financialaid/,www.nova.edu/admissions/apply/index.html,www.nova.edu/npc/,2,1,2,9,1,1,11,1,2,2,1,2,21,1,A ,-2,-2,-2,1,1,1,1,1, ,2,16,13,18,7,6,15,16,2,5,33100,1,370,-2,2, ,-2,12011,Broward County,1223,-80.24248,26.079337
220862,University of Memphis,Southern Avenue,Memphis,TN,38152,47,5,R. Brad Martin,Interim President,9016782000, ,620649618,350900,1,www.memphis.edu,www.memphis.edu/admissions/,www.memphis.edu/financialaid/,https://collegefortn.org/applications/university_of_Memphis/apply.html,www.collegeportraits.org/TN/UofM/estimator/agree,1,1,1,9,1,1,11,1,2,2,2,2,11,1,A ,-2,-2,-2,1,1,1,1,1, ,2,16,11,15,8,4,15,15,2,5,32820,1,368,-2,1,The State University and Community College System of Tennessee,147010,47157,Shelby County,4709,-89.982038,35.115934
227368,The University of Texas-Pan American,1201 W University Dr,Edinburg,TX,78539-2999,48,6,Dr. Robert S. Nelsen,President,9566652011,9566652396,746002942,359900,1,www.utpa.edu,utpa.edu/admissions,utpa.edu/finaid,www.applytexas.org,portal.utpa.edu/utpa_main/dess_home/finaid_home/calculator_home,1,1,1,9,1,1,12,1,2,2,2,2,13,1,A ,-2,-2,-2,1,1,1,1,1,UT-Pan American | UT Pan Am | UTPA | University of Texas-Pan American | Pan American | Pan Am |,2,18,11,18,6,3,15,21,2,5,32580,1,365,-2,1,The University of Texas System,148060,48215,Hidalgo County,4815,-98.172112,26.306629
155399,Kansas State University,Anderson Hall,Manhattan,KS,66506,20,4,Kirk H. Schulz,President,7855326011,7855326393,480771751,192800,1,www.k-state.edu,www.k-state.edu/admissions/,www.k-state.edu/sfa,apply.k-state.edu/app/open/ChooseTerm_open.action,www.k-state.edu/admissions/finaid/,1,1,1,9,1,1,11,1,2,2,1,2,13,1,A ,-2,-2,-2,1,1,1,1,1,K-State,2,16,14,14,11,4,16,15,1,5,31740,1,358,-2,1,Kansas State University System,120010,20161,Riley County,2001,-96.581077,39.188616
183026,Southern New Hampshire University,2500 North River Road,Manchester,NH,03106-1045,33,1,Paul J. LeBlanc,President,6036682211,6036459610,20274509,258000,1,www.snhu.edu,www.snhu.edu/18.asp, ,www.snhu.edu/18.asp,www.aidcalc.com/snhu,2,1,2,9,1,1,12,1,2,2,2,2,12,1,A ,-2,-2,-2,1,1,1,1,1,SNHU,2,18,16,13,8,5,13,55,2,5,31700,1,148,74950,2, ,-2,33011,Hillsborough County,3301,-71.453938,43.039892
240444,University of Wisconsin-Madison,500 Lincoln Dr,Madison,WI,53706-1380,55,3,Rebecca Blank,Chancellor,6082621234, ,396006492,389500,1,www.wisc.edu,www.wisc.edu/admissions/,www.finaid.wisc.edu/,www.admissions.wisc.edu/applyOnline.php,www.finaid.wisc.edu/award-estimator.php,1,1,1,9,1,1,11,1,2,2,1,2,12,1,A ,-2,-2,-2,1,1,1,1,1, ,2,15,8,14,12,5,16,15,1,5,31540,1,357,-2,1,University of Wisconsin System,155010,55025,Dane County,5502,-89.405356,43.073858
232557,Liberty University,1971 University Blvd,Lynchburg,VA,24515,51,5,"Jerry L. Falwell, Jr.",President,4345822000,4345822187,540946734,2053000,1,www.liberty.edu,www.liberty.edu/admissions,www.liberty.edu/financialaid,www.liberty.edu/apply,www.liberty.edu/npc/1314/userInfo?fn=null&ln=null&ad=null&ci=null&st=null&zc=null&ph=null&em=null&s=null&l=null,2,1,2,9,1,1,11,1,2,2,2,2,13,1,A ,-2,-2,-2,1,1,1,1,1, ,2,18,7,8,8,5,16,21,2,5,31340,1,-2,-2,2, ,-2,51680,Lynchburg city,5106,-79.179688,37.350345
229115,Texas Tech University,Broadway and University Avenue,Lubbock,TX,79409-5005,48,6,"M. Duane Nellis, Ph.D",President,8067422011,8067420062,756002622,364400,1,www.ttu.edu,www.admissions.ttu.edu/,www.fina.ttu.edu/,www.applytexas.org/,www.depts.ttu.edu/financialaid/calculators.asp,1,1,1,9,1,1,11,1,2,2,2,2,12,1,A ,-2,-2,-2,1,1,1,1,1, ,2,16,14,15,11,4,16,15,2,5,31180,1,352,-2,1,Texas Tech University System,148050,48303,Lubbock County,4819,-101.876917,33.580309
157289,University of Louisville,2301 S 3rd St,Louisville,KY,40292-0001,21,5,James R. Ramsey,President,5028525555, ,611014882,199900,1,www.louisville.edu,louisville.edu/admissions/,https://vhost.louisville.edu/student/services/fin-aid/devfinaid/index.php,louisville.edu/admissions/apply/,louisville.edu/financialaid/how-to-apply/additional-information.html,1,1,1,9,1,1,11,1,2,1,1,2,11,1,A ,-2,-2,-2,1,1,1,1,1, ,2,15,11,14,11,5,15,15,2,5,31140,1,350,-2,2, ,-2,21111,Jefferson County,2103,-85.758843,38.215752
110529,California State Polytechnic University-Pomona,3801 West Temple Avenue,Pomona,CA,91768,6,8,J. Michael Ortiz,President,9098697659, ,954255659,114400,1,www.csupomona.edu,dsa.csupomona.edu/admissions/,www.dsa.csupomona.edu/financial_aid/,www.csumentor.edu/,www.csumentor.edu/finaid/pais/,1,1,1,9,1,1,12,1,2,2,2,2,21,1,A ,-2,-2,-2,1,1,1,1,1, ,2,18,13,4,11,3,15,21,2,5,31080,1,348,-2,1,California State University,106020,6037,Los Angeles County,635,-117.819019,34.054273
110565,California State University-Fullerton,800 N State College Blvd,Fullerton,CA,92831-3599,6,8,Mildred Garc¡a,President,6572782011, ,330632102,113700,1,www.fullerton.edu,www.fullerton.edu/admissions/,www.fullerton.edu/financialaid/,www.csumentor.edu/,www.csumentor.edu/finaid/pais/,1,1,1,9,1,1,14,1,2,2,2,2,21,1,A ,-2,-2,-2,1,1,1,1,1,Cal State Fullerton,2,18,11,4,8,4,15,21,2,5,31080,1,348,-2,1,California State University,106020,6059,Orange County,639,-117.885349,33.883627
110583,California State University-Long Beach,1250 Bellflower Blvd,Long Beach,CA,90840-0115,6,8,Donald Para,Interim President,5629854111, ,931150363,113900,1,www.csulb.edu,www.csulb.edu/student-info/admissions.html,www.csulb.edu/depts/enrollment/financial_aid/types_aid.html,www.csumentor.edu/AdmissionApp/,www.csumentor.edu/finaid/pais/,1,1,1,9,1,1,14,1,2,2,2,2,11,1,A ,-2,-2,-2,1,1,1,1,1,Cal State Long Beach,2,18,11,4,11,4,15,21,2,5,31080,1,348,-2,1,California State University,106020,6037,Los Angeles County,647,-118.1123,33.782752
110592,California State University-Los Angeles,5151 State University Dr,Los Angeles,CA,90032,6,8,James M Rosser,President,3233433000, ,946001347,114000,1,www.calstatela.edu,www.calstatela.edu/univ/admiss/,www.calstatela.edu/univ/finaid/,www.csumentor.edu/,www.csumentor.edu/finaid/pais/,1,1,1,9,1,1,12,1,2,2,2,2,11,1,A ,-2,-2,-2,1,1,1,1,1, ,2,18,14,4,6,4,15,21,2,5,31080,1,348,-2,1,California State University,106020,6037,Los Angeles County,634,-118.168965,34.066927
110608,California State University-Northridge,18111 Nordhoff St,Northridge,CA,91330,6,8,Dianne F Harrison,President,8186771200, ,946001347,115300,1,www.csun.edu,www.csun.edu/anr/,www.csun.edu/financialaid/,www.csumentor.edu/AdmissionApp/,www.csumentor.edu/finaid/pais/,1,1,1,9,1,1,12,1,2,2,2,2,11,1,A ,-2,-2,-2,1,1,1,1,1, ,2,18,11,4,6,4,15,21,2,5,31080,1,348,-2,1,California State University,106020,6037,Los Angeles County,630,-118.526817,34.23671
110653,University of California-Irvine,501 Aldrich Hall,Irvine,CA,92697,6,8,Michael V. Drake,Chancellor,9498245011, ,952226406,131400,1,www.uci.edu/,www.admissions.uci.edu/,www.ofas.uci.edu/,www.universityofcalifornia.edu/apply,www.ofas.uci.edu/content/Calculator.aspx,1,1,1,9,1,1,11,1,2,1,1,2,12,1,A ,-2,-2,-2,1,1,1,1,1,UCI |UC Irvine,2,15,5,14,13,4,16,15,2,5,31080,1,348,-2,1,University of California,106080,6059,Orange County,645,-117.841248,33.648434
110662,University of California-Los Angeles,405 Hilgard Ave,Los Angeles,CA,90095-1405,6,8,Dr. Gene D. Block,Chancellor,3108254321, ,956006143,131500,1,www.ucla.edu/,www.admissions.ucla.edu/,www.fao.ucla.edu/,www.universityofcalifornia.edu/admissions/how-to-apply/apply-online/index.html,www.fao.ucla.edu/aid_estimator/,1,1,1,9,1,1,11,1,2,1,1,2,11,1,A ,-2,-2,-2,1,1,1,1,1,UCLA,2,15,5,14,13,5,16,15,2,5,31080,1,348,-2,1,University of California,106080,6037,Los Angeles County,633,-118.443901,34.068892
123961,University of Southern California,University Park,Los Angeles,CA,90089,6,8,C.L. Max Nikias,President,2137402311, ,951642394,132800,1,www.usc.edu/,www.usc.edu/admission/,www.usc.edu/admission/fa/,www.usc.edu/admission/undergraduate/apply/index.html,www.usc.edu/admission/fa/applying_receiving/undergraduates1/netpricecalculator.html,2,1,2,9,1,1,11,1,2,1,1,2,11,1,A ,-2,-2,-2,1,1,1,1,1,USC,2,15,11,14,13,5,16,15,2,5,31080,1,348,-2,2, ,-2,6037,Los Angeles County,637,-118.283858,34.021058
230728,Utah State University,Old Main Hill,Logan,UT,84322-1400,49,7,Stan L. Albrecht,President,4357971000,4357973708,876000528,367700,1,www.usu.edu,www.usu.edu/admissions,www.usu.edu/finaid/,www.usu.edu/admissions/applyonline/,www.usu.edu/netprice/,1,1,1,9,1,1,11,1,2,2,1,2,13,1,A ,-2,-2,-2,1,1,1,1,1, ,2,16,14,17,11,3,15,15,1,5,30860,1,-2,-2,1,Utah System of Higher Education,149020,49005,Cache County,4901,-111.81391,41.740748
181464,University of Nebraska-Lincoln,14th and R St,Lincoln,NE,68588,31,4,Harvey Perlman,Chancellor,4024727211, ,470049123,256500,1,www.unl.edu/,admissions.unl.edu/,www.unl.edu/scholfa/,admissions.unl.edu/apply/,wam.unl.edu/cost/calculator.jsp,1,1,1,9,1,1,11,1,2,2,2,2,11,1,A ,-2,-2,-2,1,1,1,1,1, ,2,15,14,15,13,4,16,15,1,5,30700,1,339,-2,1,University of Nebraska,131020,31109,Lancaster County,3101,-96.702177,40.822272
157085,University of Kentucky,South Limestone,Lexington,KY,40506-0032,21,5,Dr. Eli Capilouto,President,8592579000, ,616001218,198900,1,www.uky.edu,www.uky.edu/Admission,www.uky.edu/FinancialAid,www.uky.edu/Admission/apply.htm,npc.collegeboard.org/student/app/uky,1,1,1,9,1,1,11,1,2,1,1,2,11,1,A ,-2,-2,-2,1,1,1,1,1, ,2,15,11,14,10,5,16,15,1,5,30460,1,336,-2,2, ,-2,21067,Fayette County,2106,-84.509177,38.032393
155317,University of Kansas,"Strong Hall, 1450 Jayhawk Blvd, Room 230",Lawrence,KS,66045,20,4,Bernadette Gray-Little,Chancellor,7858642700, ,481124839,194800,1,www.ku.edu,www.admissions.ku.edu,affordability.ku.edu/steps/,www.admissions.ku.edu/apply,affordability.ku.edu/cs/calculator.shtml,1,1,1,9,1,1,11,1,2,2,1,2,13,1,A ,-2,-2,-2,1,1,1,1,1,"University of Kansas | Univ of Kansas | Kansas University | KU | Kansas Jayhawks | Univ of KS |University of KS | Kansas Univ | Kansas U, KUMC, University of Kansas Medical Center, KU Medical Center, Kansas University Medical Center",2,15,11,14,13,5,15,15,2,5,29940,1,312,-2,1,Kansas State University System,120010,20045,Douglas County,2002,-95.24587,38.957351
182281,University of Nevada-Las Vegas,4505 S Maryland Pky,Las Vegas,NV,89154,32,8,Neal Smatresk,President,7028953011,7027748008,886000024,256900,1,go.unlv.edu/,web.unlv.edu/admissions/,finaid.unlv.edu/,web.unlv.edu/admissions/apply.html,cashiering.unlv.edu/undergrad_calc.html,1,1,1,9,1,1,11,1,2,2,1,2,12,1,A ,-2,-2,-2,1,1,1,1,1,UNLV,2,16,14,14,7,4,15,16,2,5,29820,1,332,-2,1,Nevada System of Higher Education,132010,32003,Clark County,3201,-115.141153,36.106994
171100,Michigan State University, ,East Lansing,MI,48824-1046,26,3,Lou Anna K Simon,President,5173551855, ,386005984,229000,1,www.msu.edu,www.admissions.msu.edu/,www.finaid.msu.edu/,www.admissions.msu.edu/apply.asp,finaid.msu.edu/calc.asp,1,1,1,9,1,1,11,1,2,2,1,2,13,1,A ,-2,-2,-2,1,1,1,1,1,MSU|Spartans|MI State University|State|MI State U,2,15,11,14,12,4,16,15,1,5,29620,1,330,-2,2, ,-2,26065,Ingham County,2608,-84.473639,42.72476
243780,Purdue University-Main Campus,Hovde Hall of Administration,West Lafayette,IN,47907-2040,18,3,Mitch Daniels,President,7654944600, ,356002041,182500,1,www.purdue.edu,www.purdue.edu/purdue/admissions/index.html,www.purdue.edu/dfa/,admissions.purdue.edu/apply_now/apply_now.html,www.purdue.edu/DFA/estimator,1,1,1,9,1,1,11,1,2,2,1,2,22,1,A ,-2,-2,-2,1,1,1,1,1,Purdue-West Lafayette|Purdue|PU|Purdue-WL,2,15,14,14,12,4,16,15,1,5,29200,1,320,-2,1,Purdue University,118070,18157,Tippecanoe County,1804,-86.914435,40.428206
221759,The University of Tennessee-Knoxville,527 Andy Holt Tower,Knoxville,TN,37996,47,5,Dr. Joe DiPietro,President,8659741000,8659742175,626001636,353000,1,www.tennessee.edu,admissions.utk.edu,finaid.utk.edu,vip.utk.edu,www.collegeportraits.org/TN/UTK/estimator/,1,1,1,9,1,1,11,1,2,2,1,2,12,1,A ,-2,-2,-2,1,1,1,1,1, ,2,15,11,14,13,5,16,15,1,5,28940,1,314,-2,1,The University of Tennessee System,147020,47093,Knox County,4702,-83.929696,35.955093
172699,Western Michigan University,1903 West Michigan Avenue,Kalamazoo,MI,49008-5200,26,3,John M. Dunn,President,2693871000, ,386007327,233000,1,www.wmich.edu,www.wmich.edu/admissions/,www.wmich.edu/finaid/,www.wmich.edu/apply/,www.wmich.edu/finaid/netcalc/,1,1,1,9,1,1,11,1,2,2,2,2,13,1,A ,-2,-2,-2,1,1,1,1,1,WMU,2,16,14,15,11,4,15,15,2,5,28020,1,310,-2,2, ,-2,26077,Kalamazoo County,2606,-85.61512,42.282589
190415,Cornell University,300 Day Hall,Ithaca,NY,14853,36,2,David J. Skorton,President,6072552000,6072555396,150532082,271100,1,www.cornell.edu,admissions.cornell.edu/,finaid.cornell.edu/,app.commonapp.org/application/applicantlogin.aspx?d=1189017177203,cornell.studentaidcalculator.com/survey.aspx,2,1,2,9,1,1,11,1,2,2,1,2,13,1,A ,-2,-2,-2,1,1,1,1,1, ,2,15,11,14,12,5,17,15,1,5,27060,1,296,-2,2, ,-2,36109,Tompkins County,3623,-76.48269,42.445291
153658,University of Iowa,101 Jessup Hall,Iowa City,IA,52242-1316,19,4,Sally Mason,President,3193353500,3193351535,426004813,189200,1,www.uiowa.edu,admissions.uiowa.edu,www.uiowa.edu/financial-aid/,www.uiowa.edu/admissions/undergrad/apply/fy-apply.html,www.uiowa.edu/financial-aid/calculator/,1,1,1,9,1,1,11,1,2,1,1,2,13,1,A ,-2,-2,-2,1,1,1,1,1,Iowa|UI,2,15,11,14,13,5,16,15,2,5,26980,1,168,-2,2, ,-2,19103,Johnson County,1902,-91.535698,41.660695
151111,Indiana University-Purdue University-Indianapolis,425 University Blvd,Indianapolis,IN,46202-5143,18,3,Charles R. Bantz,Chancellor,3172745555, ,356001673,181300,1,www.iupui.edu,enroll.iupui.edu/admissions/,www.iupui.edu/~finaid/,enroll.iupui.edu/admissions/apply/,npc.collegeboard.org/student/app/iupui,1,1,1,9,1,1,11,1,2,2,1,2,11,1,A ,-2,-2,-2,1,1,1,1,1,IUPUI|IUPU at Indianapolis,2,16,14,18,8,4,15,16,2,5,26900,1,294,-2,1,Indiana University-Purdue University,118030,18097,Marion County,1807,-86.172217,39.772948
225511,University of Houston,212 E. Cullen Building,Houston,TX,77204-2018,48,6,Dr. Renu Khator,Chancellor/President,7137431000, ,746001399,365200,1,www.uh.edu/students,www.uh.edu/admissions/,www.uh.edu/financial/, ,www.uh.edu/financial/net-price-calculator/index.php,1,1,1,9,1,1,11,1,2,2,2,2,11,1,A ,-2,-2,-2,1,1,1,1,1, ,2,15,11,15,8,4,15,15,2,5,26420,1,288,-2,1,University of Houston System,148070,48201,Harris County,4818,-95.344851,29.719988
129020,University of Connecticut,352 Mansfield Road,Storrs,CT,6269,9,1,Susan Herbst,President,8604862000, ,60772160,141700,1,uconn.edu/,admissions.uconn.edu/,financialaid.uconn.edu/,admissions.uconn.edu/content/apply,financialaid.uconn.edu/pricecalc/storrs/,1,1,1,9,1,1,11,1,2,1,1,2,21,1,A ,-2,-2,-2,1,1,1,1,1, ,2,15,8,14,12,5,17,15,1,5,25540,1,278,73450,2, ,-2,9013,Tolland County,902,-72.249519,41.808205
232423,James Madison University,800 South Main Street,Harrisonburg,VA,22807,51,5,Jonathan R. Alger,President,5405686211,5405687846,546001756,372100,1,www.jmu.edu/,www.jmu.edu/admissions,www.jmu.edu/finaid,www.jmu.edu/admissions/apply/,www.jmu.edu/finaid/AidEstimator.shtml,1,1,1,9,1,1,11,1,2,2,2,2,13,1,A ,-2,-2,-2,1,1,1,1,1,JMU,2,18,10,16,12,3,16,21,2,5,25500,1,277,-2,2, ,-2,51660,Harrisonburg city,5106,-78.871663,38.435332
217882,Clemson University,201 Sikes Hall,Clemson,SC,29634,45,5,James F. Barker,President,8646564636,8646562464,576000254,342500,1,www.clemson.edu,www.clemson.edu/admissions/index.html,www.clemson.edu/finaid/,https://www.applyweb.com/apply/clemson/,workgroups.clemson.edu/A_A_5690_OIR/cunpc/index.cgi,1,1,1,9,1,1,12,1,2,2,2,2,21,1,A ,-2,-2,-2,1,1,1,1,1, ,2,16,14,17,13,4,16,15,1,5,24860,1,273,-2,2, ,-2,45077,Pickens County,4503,-82.834463,34.677329
198464,East Carolina University,East 5th Street,Greenville,NC,27858-4353,37,5,Steve Ballard,Chancellor,2523286131, ,566000403,292300,1,www.ecu.edu,www.ecu.edu/admissions/,www.ecu.edu/financial/,https://www1.cfnc.org/applications/East_Carolina_University/apply.html?application_id=1538,www.collegeportraits.org/NC/ECU/estimator/agree,1,1,1,9,1,1,11,1,2,2,1,2,13,1,A ,-2,-2,-2,1,1,1,1,1,ECU,2,17,14,18,11,4,15,16,2,5,24780,1,274,-2,1,University of North Carolina,137030,37147,Pitt County,3703,-77.366199,35.606347
170082,Grand Valley State University,1 Campus Dr,Allendale,MI,49401-9403,26,3,Thomas J. Haas,President,6163312020, ,381684280,226800,1,www.gvsu.edu,www.gvsu.edu/admissions/,www.gvsu.edu/financialaid/,https://secure.gvsu.edu/admissions/undergraduate/apply-index.htm,www.gvsu.edu/financialaid/netprice,1,1,1,9,1,1,13,1,2,2,2,2,21,1,A ,-2,-2,-2,1,1,1,1,1,Grand Valley|GVSU|Grand Valley State|,2,18,10,13,11,3,16,21,2,5,24340,1,266,-2,2, ,-2,26139,Ottawa County,2602,-85.887519,42.965208
134130,University of Florida, ,Gainesville,FL,32611,12,5,Dr. James Bernard Machen,President,3523923261, ,596002052,153500,1,www.ufl.edu/,www.admissions.ufl.edu,www.sfa.ufl.edu/,www.admissions.ufl.edu/,npc.collegeboard.org/student/app/ufl,1,1,1,9,1,1,11,1,2,2,1,2,12,1,A ,-2,-2,-2,1,1,1,1,1, ,2,15,11,14,12,5,16,15,1,5,23540,1,264,-2,1,State University System of Florida,112090,12001,Alachua County,1203,-82.361195,29.638248
110556,California State University-Fresno,5241 N Maple Ave,Fresno,CA,93740,6,8,Joseph I. Castro,President,5592784240, ,946001347,114700,1,www.csufresno.edu, , , ,www.collegeportraits.org/CA/CSUFRESNO/costs,1,1,1,9,1,1,12,1,2,2,2,2,11,1,A ,-2,-2,-2,1,1,1,1,1, ,2,18,11,12,9,4,15,21,2,5,23420,1,260,-2,1,California State University,106020,6019,Fresno County,622,-119.748258,36.814477
126818,Colorado State University-Fort Collins,102 Administration Building,Fort Collins,CO,80523-0100,8,7,Anthony A. Frank,President,9704911101, ,846000545,135000,1,www.colostate.edu, , , ,tuition.colostate.edu/Main.aspx,1,1,1,9,1,1,11,1,2,2,1,2,12,1,A ,-2,-2,-2,1,1,1,1,1, ,2,15,11,17,11,4,16,15,1,5,22660,1,-2,-2,1,Colorado State University System,108020,8069,Larimer County,802,-105.08083,40.574759
105330,Northern Arizona University,"1900 S. Knoles Dr, Babbitt Administrative Center",Flagstaff,AZ,86011-4132,4,6,John D. Haeger,President,9285239011,9285230226,742579628,108200,1,nau.edu/,nau.edu/admissions/,nau.edu/finaid/,nau.edu/Admissions/Apply-Now/,nau.edu/FinAid/Cost/Budgeting/,1,1,1,9,1,1,11,1,2,2,2,2,13,1,A ,-2,-2,-2,1,1,1,1,1,NAU,2,16,13,15,11,4,16,16,2,5,22380,1,-2,-2,1,Arizona Board of Regents,104010,4005,Coconino County,401,-111.657653,35.180095
106397,University of Arkansas,Administration Bldg 425,Fayetteville,AR,72701,5,5,G. David Gearhart,Chancellor,4795752000,4795757515,716003252,110800,1,www.uark.edu,admissions.uark.edu/,finaid.uark.edu/,admissions.uark.edu/apply/,finaid.uark.edu/331.php,1,1,1,9,1,1,11,1,2,2,2,2,13,1,A ,-2,-2,-2,1,1,1,1,1,University of Arkansas|Arkansas,2,15,14,15,13,4,16,15,1,5,22220,1,-2,-2,1,University of Arkansas System,105030,5143,Washington County,503,-94.178214,36.06153
209551,University of Oregon,110 Johnson Hall,Eugene,OR,97403,41,8,Michael Gottfredson,President,5413461000,5413465815,936001786,322300,1,www.uoregon.edu,admissions.uoregon.edu,financialaid.uoregon.edu,admissions.uoregon.edu/apply,https://uoregon.studentaidcalculator.com/welcome.aspx,1,1,1,9,1,1,11,1,2,2,2,2,12,1,A ,-2,-2,-2,1,1,1,1,1,UO,2,15,8,15,11,4,15,15,2,5,21660,1,-2,-2,1,Oregon University System,141020,41039,Lane County,4104,-123.07398,44.044515
228796,The University of Texas at El Paso,500 W. University Ave,El Paso,TX,79968-0691,48,6,Diana Natalicio,President,9157475000, ,746000813,366100,1,www.utep.edu,academics.utep.edu/Default.aspx?tabid=69423,academics.utep.edu/Default.aspx?alias=academics.utep.edu/finaid,https://www.applytexas.org/adappc/gen/c_start.WBX,collegeforalltexans.com/apps/CollegeMoney/,1,1,1,9,1,1,11,1,2,2,2,2,11,1,A ,-2,-2,-2,1,1,1,1,1,UTEP,2,16,14,15,6,4,15,16,2,5,21340,1,238,-2,1,The University of Texas System,148060,48141,El Paso County,4816,-106.50356,31.771697
199120,University of North Carolina at Chapel Hill,103 South Bldg Cb 9100,Chapel Hill,NC,27599,37,5,Carol L. Folt,Chancellor,9199622211, ,566001393,297400,1,www.unc.edu,www.admissions.unc.edu,studentaid.unc.edu,www.admissions.unc.edu/Apply,npc.collegeboard.org/student/app/unc,1,1,1,9,1,1,11,1,2,2,1,2,13,1,A ,-2,-2,-2,1,1,1,1,1, ,2,15,8,14,12,5,16,15,2,5,20500,1,450,-2,1,University of North Carolina,137030,37135,Orange County,3704,-79.050969,35.912165
171571,Oakland University,2200 North Squirrel Road,Rochester Hills,MI,48309-4401,26,3,Betty J. Youngblood,Interim President,2483702100, ,381714400,230700,1,www.oakland.edu,www.oakland.edu/futurestudents,www.oakland.edu/financialaid/,www.oakland.edu/apply/,www.oakland.edu/npc,1,1,1,9,1,1,11,1,2,2,1,2,21,1,A ,-2,-2,-2,1,1,1,1,1,Oakland|OU|O.U.,2,17,10,17,8,4,15,16,2,5,19820,1,220,-2,2, ,-2,26125,Oakland County,2611,-83.218866,42.672586
172644,Wayne State University,656 West Kirby Street,Detroit,MI,48202,26,3,M. Roy Wilson,President,3135772424,3135773200,686028429,232900,1,www.wayne.edu,www.admissions.wayne.edu/,finaid.wayne.edu/,admissions.wayne.edu/apply-now.php,budget.wayne.edu/netpriceCalculator/npcalc.htm,1,1,1,9,1,1,11,1,2,2,1,2,11,1,A ,-2,-2,-2,1,1,1,1,1,WSU,2,15,11,14,6,5,15,15,2,5,19820,1,220,-2,2, ,-2,26163,Wayne County,2613,-83.072864,42.35861
126562,University of Colorado Denver,"1380 Lawrence Street, Lawrence Street Center, Suite 1400",Denver,CO,80217-3364,8,7,Don Elliman,Chancellor,3035565600,3035564838,846000555,450800,1,www.ucdenver.edu/,www.ucdenver.edu/admissions/Pages/index.aspx,www.ucdenver.edu/student-services/resources/CostsAndFinancing/AnschutzMedicalCampus/ContactUs/Pages/FinancialAidOffice.aspx,www.ucdenver.edu/admissions/Pages/index.aspx,www.ucdenver.edu/student-services/resources/CostsAndFinancing/Pages/Net-Price-Calculator.aspx,1,1,1,9,1,1,11,1,2,1,1,2,11,1,A ,-2,-2,-2,1,1,1,1,1,University of Colorado Denver |CU Denver |UCD,2,16,8,18,6,5,15,16,2,5,19740,1,216,-2,1,University of Colorado,108040,8031,Denver County,801,-104.999181,39.74603
127565,Metropolitan State University of Denver,Speer Blvd and Colfax Ave,Denver,CO,80217-3362,8,7,"Stephen M. Jordan, Ph.D",President,3035563058,3035566345,840559160,136000,1,www.msudenver.edu/,www.msudenver.edu/admissions/,www.msudenver.edu/futurestudent/costandfinancialaid/,www.msudenver.edu/admissions/application/,www.collegeportraits.org/CO/Metro-State/estimator/agree,1,1,1,7,1,1,20,1,2,2,2,2,11,1,A ,-2,-2,-2,1,1,1,1,1, ,2,22,9,-1,7,2,15,32,2,5,19740,1,216,-2,2, ,-2,8031,Denver County,801,-105.002391,39.742248
260901,Kaplan University-Davenport Campus,1801 East Kimberly Road,Davenport,IA,52807-2095,19,4,Wade Dyke,President,8665275268, ,421154361,458600,1,www.kaplanuniversity.edu/home.aspx, , , ,www.kaplanuniversity.edu/paying-school/net-price-calculator-campus.aspx,3,1,3,9,1,1,13,1,2,-2,2,2,12,1,A ,-2,-2,-2,1,1,1,1,3, ,2,18,16,11,5,3,15,40,2,5,19340,1,209,-2,1,Kaplan Higher Education Corporation,302640,19163,Scott County,1902,-90.550682,41.555024
450933,Columbia Southern University,21982 University Lane,Orange Beach,AL,36561-9000,1,5,"Robert G. Mayes, Jr.",President,2.51981E+13,2519813815,631175854,4121500,1,www.columbiasouthern.edu,www.columbiasouthern.edu/Future-Students,www.columbiasouthern.edu/Financial/Office-of-Financial-Aid,www.columbiasouthern.edu/Apply-Now,www.columbiasouthern.edu/financial/calculator,3,1,3,9,1,1,12,1,2,-2,2,2,31,1,A ,-2,-2,-2,1,1,1,1,3, ,2,18,16,10,5,5,12,-3,2,5,19300,1,380,-2,1,Columbia Southern Education Group Inc.,301110,1003,Baldwin County,101,-87.652505,30.330964
227216,University of North Texas,1501 W.Chestnut Ave.,Denton,TX,76203-1277,48,6,V. Lane Rawlins,President,9405652000,9405652408,756002149,359400,1,www.unt.edu,www.unt.edu/admissions.htm,essc.unt.edu/finaid/,www.unt.edu/vwbk/admission.htm,collegeforalltexans.com/apps/CollegeMoney/,1,1,1,9,1,1,11,1,2,2,2,2,12,1,A ,-2,-2,-2,1,1,1,1,1,UNT|North Texas|Mean Grean,2,16,11,15,8,4,15,15,2,5,19100,1,206,-2,1,University of North Texas System,148080,48121,Denton County,4826,-97.151211,33.210958
228769,The University of Texas at Arlington,701 S. Nedderman Dr.,Arlington,TX,76013,48,6,Dr. Vistasp Karbhari,President,8172722011,8172723555,756000121,365600,1,WWW.UTA.EDU,www.uta.edu/uta/admissions,wweb.uta.edu/ses/fao/,https://www.applytexas.org/adappc/gen/c_start.WBX,www.collegeforalltexans.com/apps/CollegeMoney/,1,1,1,9,1,1,11,1,2,2,2,2,11,1,A ,-2,-2,-2,1,1,1,1,1,UT Arlington,2,16,11,15,8,4,15,15,2,5,19100,1,206,-2,1,The University of Texas System,148060,48439,Tarrant County,4806,-97.115087,32.728437
228787,The University of Texas at Dallas,800 West Campbell  Road,Richardson,TX,75080-3021,48,6,Dr. David E. Daniel,President,9728832111,9728832237,75130556,974100,1,www.utdallas.edu,www.utdallas.edu/enroll/index.php,www.utdallas.edu/student/finaid/,www.utdallas.edu/enroll/apply/index.php,www.collegeforalltexans.com/apps/CollegeMoney/,1,1,1,9,1,1,11,1,2,2,2,2,12,1,A ,-2,-2,-2,1,1,1,1,1,UT Dallas,2,16,11,15,8,5,15,16,2,5,19100,1,206,-2,1,The University of Texas System,148060,48085,Collin County,4803,-96.748371,32.989432
209542,Oregon State University,1500 S.W. Jefferson,Corvallis,OR,97331,41,8,Edward J. Ray,President,5417370123, ,481278540,321000,1,oregonstate.edu,oregonstate.edu/admissions/,oregonstate.edu/financialaid/,https://adminfo.ucsadm.oregonstate.edu/prod/bwskalog.P_DispLoginNonispLoginNon,oregonstate.edu/financialaid/net-price-calculator,1,1,1,9,1,1,11,1,2,2,1,2,13,1,A ,-2,-2,-2,1,1,1,1,1,OSU,2,15,14,14,11,4,15,15,1,5,18700,1,440,-2,1,Oregon University System,141020,41003,Benton County,4104,-123.274721,44.56274
204796,Ohio State University-Main Campus,190 N. Oval Mall,Columbus,OH,43210,39,3,Joseph A. Alutto,Interim President,6142926446,6142927199,316025986,309000,1,www.osu.edu,www.osu.edu/futurestudents/,www.sfa.osu.edu,apply.osu.edu/,sfa.osu.edu/npc/,1,1,1,9,1,1,11,1,2,1,1,2,11,1,A ,-2,-2,-2,1,1,1,1,1, ,2,15,11,14,13,4,15,15,1,5,18140,1,198,-2,2, ,-2,39049,Franklin County,3903,-83.009001,39.998389
218663,University of South Carolina-Columbia,Columbia-Campus,Columbia,SC,29208,45,5,Harris Pastides,President,8037777000,8037770101,576001153,344800,1,www.sc.edu/,www.sc.edu/admissions/,www.sc.edu/financialaid/,www.sc.edu/applytousc/,sc.edu/admissions/costaid.php,1,1,1,9,1,1,11,1,2,2,1,2,12,1,A ,-2,-2,-2,1,1,1,1,1, ,2,15,14,14,13,4,16,15,2,5,17900,1,192,-2,1,University of South Carolina,145030,45079,Richland County,4506,-81.026971,33.998973
178396,University of Missouri-Columbia,105 Jesse Hall,Columbia,MO,65211,29,4,Dr. Brady J. Deaton,Chancellor,5738822121, ,436003859,251600,1,missouri.edu/,admissions.missouri.edu/,financialaid.missouri.edu/,admissions.missouri.edu/apply/index.php,financialaid.missouri.edu/cost-of-attendance/net-price-calculator.php,1,1,1,9,1,1,11,1,2,1,1,2,12,1,A ,-2,-2,-2,1,1,1,1,1, ,2,15,11,14,13,4,16,15,1,5,17860,1,190,-2,1,University of Missouri,129160,29019,Boone County,2904,-92.326429,38.941015
444158,Colorado Technical University-Online,"4435 N Chestnut, Suite E",Colorado Springs,CO,80907,8,7,Andrew Hurst,President,8668131836,8663477389,364302828,1014805,1,www.coloradotech.edu/CTU-Online,www.coloradotech.edu/Admissions/Online,www.coloradotech.edu/Tuition-and-Financial-Aid/Online,www.coloradotech.edu/Apply-Online,coloradotech.studentaidcalculator.com,3,1,3,9,1,1,14,1,2,-2,2,2,11,1,A ,-2,-2,-2,1,1,1,1,1,Colorado Tech Online |CTU Online  |CTU,2,18,2,10,9,3,15,-3,2,5,17820,1,-2,-2,1,Career Education Corporation,300840,8041,El Paso County,805,-104.834211,38.893735
228723,Texas A & M University-College Station,805 Rudder Tower,College Station,TX,77843-1244,48,6,Mark A. Hussey,Interim President,9798453211,9798478737,746000531,363200,1,www.tamu.edu,admissions.tamu.edu,financialaid.tamu.edu,admissions.tamu.edu/freshmen/default.aspx,www.collegeforalltexans.com/apps/CollegeMoney/,1,1,1,9,1,1,11,1,2,2,1,2,13,1,A ,-2,-2,-2,1,1,1,1,1,Texas A&M | TAMU,2,15,11,14,12,4,15,15,1,5,17780,1,-2,-2,1,Texas A&M University System,148020,48041,Brazos County,4817,-96.340322,30.613226
154022,Ashford University,400 N Bluff Blvd,Clinton,IA,52733-2967,19,4,Dr. Richard Pattenaude,President,5632424023,5632428684,420745980,188100,1,www.ashford.edu,www.ashford.edu/online/,www.ashford.edu/online/finance/,https://oap.ashford.edu/online/login.php?entry=au-online&team=all,ashford.studentaidcalculator.com/survey.aspx,3,1,3,7,1,1,20,1,2,-2,2,2,32,1,A ,-2,-2,-2,1,1,1,1,1, ,2,18,10,10,10,3,15,31,2,5,17540,2,209,-2,1,Bridgepoint Education,300570,19045,Clinton County,1902,-90.199127,41.851944
201885,University of Cincinnati-Main Campus,2624 Clifton Avenue,Cincinnati,OH,45221-0063,39,3,Santa J. Ono,President,5135566000, ,316000989,312500,1,www.uc.edu,admissions.uc.edu/,financialaid.uc.edu/,admissions.uc.edu/apply.html,www.collegeportraits.org/OH/UC/estimator/agree,1,1,1,9,1,1,11,1,2,2,1,2,11,1,A ,-2,-2,-2,1,1,1,1,1, ,2,15,14,14,12,5,15,15,2,5,17140,1,178,-2,2, ,-2,39061,Hamilton County,3901,-84.51428,39.131159
144740,DePaul University,1 E Jackson Blvd,Chicago,IL,60604,17,3,Dennis H. Holtschneider,President,3123628000, ,362167048,167100,1,www.depaul.edu,depaul.edu/admission/types_of_admission/index.asp,www.depaul.edu/admission/FinancialAid/,https://wa.is.depaul.edu/AdmissionApp/login.aspx,depaul.studentaidcalculator.com/survey.aspx,2,1,2,9,1,1,11,1,2,2,2,2,11,1,A ,-2,-2,-2,1,1,1,1,1, ,2,17,11,15,11,5,15,16,2,5,16980,1,176,-2,2, ,-2,17031,Cook County,1705,-87.654116,41.923332
144759,DeVry University-Illinois,3300 N Campbell Ave.,Chicago,IL,60618-5994,17,3,Candace Goodwin,Campus President,7739298500, ,362781982,1072700,1,www.devry.edu, , , ,www.devry.edu/financial-aid-tuition/financial-aid-calculator.jsp,3,1,3,7,1,1,20,1,2,-2,-2,2,11,1,C ,482477,2013,-2,3,1,3,9,-2,DeVry University-Addison |DeVry University-Chicago |DeVry University-Chicago/Loop |DeVry University-Chicago/O'Hare |DeVry University-Downers Grove |DeVry University-Elgin |DeVry University-Gurnee |DeVry University-Naperville |DeVry University-Schaumburg |DeVry University-Tinley Park,-2,18,16,10,5,4,15,54,2,5,16980,1,176,-2,-2, ,-2,17031,Cook County,1705,-87.69146,41.94219
145600,University of Illinois at Chicago,601 S Morgan,Chicago,IL,60607,17,3,Paula Allen-Meares,Chancellor,3129967000,3129963254,376000511,177600,1,www.uic.edu/index.html/,www.uic.edu/depts/oar/prospective_students/index.html,www.uic.edu/depts/financialaid/,www.uic.edu/depts/oar/prospective_students/apply.html,www.uic.edu/depts/financialaid/npcalc.shtml,1,1,1,9,1,1,11,1,2,1,1,2,11,1,A ,-2,-2,-2,1,1,1,1,1,UIC|U of I-Chicago|Illinois-Chicago|U of I-Medical Center|University of Illinois-Medical Center|,2,15,11,14,11,5,15,15,2,5,16980,1,176,-2,1,University of Illinois Board of Trustees,117040,17031,Cook County,1707,-87.651145,41.872651
147703,Northern Illinois University,1425 W. Lincoln Hwy.,Dekalb,IL,60115-2828,17,3,Douglas Baker,President,8008923050, ,366008480,173700,1,www.niu.edu,www.niu.edu/Apply/index.shtml,www.niu.edu/fa/,www.niu.edu/admissions/onlineapp.shtml,www.niu.edu/bursar/tuition/estimator.shtml,1,1,1,9,1,1,11,1,2,2,2,2,23,1,A ,-2,-2,-2,1,1,1,1,1, ,2,16,11,15,11,4,16,15,2,5,16980,1,176,-2,2, ,-2,17037,DeKalb County,1716,-88.766065,41.933791
147767,Northwestern University,633 Clark St,Evanston,IL,60208,17,3,Morton O. Schapiro,President,8474913741, ,362167817,173900,1,www.northwestern.edu,www.northwestern.edu/admissions/,www.northwestern.edu/admissions/,www.northwestern.edu/admissions/,ug-finaid.northwestern.edu/college_cost_calculator.html,2,1,2,9,1,1,11,1,2,2,1,2,13,1,A ,-2,-2,-2,1,1,1,1,1, ,2,15,8,14,12,6,17,15,2,5,16980,1,176,-2,2, ,-2,17031,Cook County,1709,-87.673653,42.058377
482477,DeVry University-Illinois,3300 N Campbell Ave,Chicago,IL,60618,17,3,Candace Goodwin,Metro President,7739298500, ,362781982,1072700,1,www.devry.edu, , , ,www.devry.edu/financial-aid-tuition/financial-aid-calculator.html,3,1,3,7,1,1,20,1,2,-2,2,2,11,1,N ,-2,-2,-2,1,1,1,1,1,DeVry University-Addison |DeVry University-Chicago |DeVry University-Chicago Loop |DeVry University-Chicago O'Hare |DeVry University-Downers Grove |DeVry University-Elgin |DeVry University-Gurnee |DeVry University-Naperville |DeVry University-Schaumburg |DeVry University-Tinley Park,2,-3,-3,-3,-3,-3,-3,-3,2,5,16980,-2,176,-2,1,DeVry University Inc.,301420,17031,Cook County,1705,-87.691871,41.94231
234076,University of Virginia-Main Campus,1827 University Avenue,Charlottesville,VA,22903-2628,51,5,Teresa A. Sullivan,President,4349240311,4349243587,546001796,374500,1,www.virginia.edu/,www.admission.virginia.edu/,www.virginia.edu/financialaid/,www.virginia.edu/undergradadmission/apply.html,npc.collegeboard.org/student/app/virginia,1,1,1,9,1,1,11,1,2,1,1,2,13,1,A ,-2,-2,-2,1,1,1,1,1,University of Virginia |UVa |UVA,2,15,8,14,12,5,16,15,2,5,16820,1,-2,-2,2, ,-2,51540,Charlottesville city,5105,-78.502599,38.036546
199139,University of North Carolina at Charlotte,9201 University City Blvd,Charlotte,NC,28223-0001,37,5,Philip L. Dubois,Chancellor,7046872000, ,560791228,297500,1,www.uncc.edu,admissions.uncc.edu,finaid.uncc.edu,admissions.uncc.edu/admissions/apply-now,calculator.uncc.edu/npcalc.htm,1,1,1,9,1,1,11,1,2,2,2,2,11,1,A ,-2,-2,-2,1,1,1,1,1,UNC Charlotte,2,17,11,18,11,4,16,21,2,5,16740,1,172,-2,1,University of North Carolina,137030,37119,Mecklenburg County,3712,-80.73579,35.306834
145637,University of Illinois at Urbana-Champaign,601 E John Street,Champaign,IL,61820-5711,17,3,Phyllis Wise,Vice President and Chancellor,2173331000,2172444614,376000511,177500,1,www.illinois.edu/,admissions.illinois.edu/,www.osfa.illinois.edu,admissions.illinois.edu/apply/app.html,www.osfa.illinois.edu/aid/NPC/NPC.asp,1,1,1,9,1,1,11,1,2,2,1,2,13,1,A ,-2,-2,-2,1,1,1,1,1,Illinois|Illinios|Ilinois|Ilinios|Urbana|Champaign|Champagne|Champaign-Urbana|Champagne-Urbana|Urbana-Champaign|Urbana-Champagne|University of Illinois at Urbana|University of Illinois at Champaign|University of Illinois at Champagne|University of Illinois at Champaign-Urbana|University of Illinois at Champagne-Urbana|UIUC|UICU|University of Illinois at UC|University of Illinois at CU,2,15,11,14,12,5,16,15,1,5,16580,1,-2,-2,1,University of Illinois Board of Trustees,117040,17019,Champaign County,1713,-88.230309,40.108864
196088,University at Buffalo,12 Capen Hall,Buffalo,NY,14260-1660,36,2,Satish K. Tripathi,President,7166452000, ,146013200,283700,1,www.buffalo.edu,admissions.buffalo.edu/,financialaid.buffalo.edu/,admissions.buffalo.edu/apply/index.php,financialaid.buffalo.edu/costs/netpricecalculator/index.php,1,1,1,9,1,1,11,1,2,1,1,2,21,1,A ,-2,-2,-2,1,1,1,1,1,University at Buffalo|UB|State University of New York at Buffalo|SUNY Buffalo|University of Buffalo,2,15,11,14,13,5,16,15,2,5,15380,1,160,-2,1,State University of New York System,136040,36029,Erie County,3626,-78.790103,43.001433
157951,Western Kentucky University,1906 College Heights Blvd,Bowling Green,KY,42101-1000,21,5,Gary A. Ransdell,President,2707450111,2707455442,616055628,200200,1,www.wku.edu,www.wku.edu/atwku/admissions.php,www.wku.edu/financialaid/,www.wku.edu/atwku/admissions.php,www.wku.edu/financialaid/calculator.php,1,1,1,9,1,1,13,1,2,2,2,2,13,1,A ,-2,-2,-2,1,1,1,1,1,"WKU, HILLTOPPERS",2,18,10,4,11,3,16,21,2,5,14540,1,150,-2,2, ,-2,21227,Warren County,2102,-86.455898,36.985718
126614,University of Colorado Boulder,Regent Drive at Broadway,Boulder,CO,80309-0017,8,7,Philip P. DiStefano,Chancellor,3034921411,3034920996,846000555,137000,1,www.colorado.edu,www.colorado.edu/prospective/,www.colorado.edu/finaid/,admissions.colorado.edu/undergraduate/apply,www.collegeportraits.org/CO/CU-Boulder/estimator/agree,1,1,1,9,1,1,11,1,2,2,2,2,13,1,A ,-2,-2,-2,1,1,1,1,1,U of Colorado|Univ of Colorado|University of Colorado|U of CO|Univ of CO|University of CO|Boulder|CU|CU-Boulder|UCB|CUB|Colorado|Colorado University|U of Colo|Univ of Colo|University of Colo|Colo|Buffs|Buffalos|Buffaloes|CU at Boulder|Golden Buffs|University of Colorado at Boulder,2,15,8,15,12,4,15,15,2,5,14500,1,216,-2,1,University of Colorado,108040,8013,Boulder County,802,-105.267061,40.004415
164988,Boston University,One Silber Way,Boston,MA,2215,25,1,Robert  A. Brown,President,6173532000, ,42103547,213000,1,www.bu.edu,www.bu.edu/admissions,www.bu.edu/finaid,www.bu.edu/admissions/apply,www.bu.edu/finaid/eligibility/calculated_need.html,2,1,2,9,1,1,11,1,2,2,1,2,11,1,A ,-2,-2,-2,1,1,1,1,1,BU|Boston U,2,15,11,14,12,5,17,15,2,5,14460,1,148,71650,2, ,-2,25025,Suffolk County,2507,-71.09984,42.349581
166027,Harvard University,Massachusetts Hall,Cambridge,MA,2138,25,1,Drew Gilpin Faust,President,6174951000, ,42103580,215500,1,www.harvard.edu,www.admissions.college.harvard.edu,www.fao.fas.harvard.edu,www.admissions.college.harvard.edu/apply/forms/index.html,npc.fas.harvard.edu,2,1,2,9,1,1,11,1,2,2,1,2,12,1,A ,-2,-2,-2,1,1,1,1,1, ,2,15,5,14,12,6,17,15,2,5,14460,1,148,71650,2, ,-2,25017,Middlesex County,2505,-71.118177,42.374429
167358,Northeastern University,360 Huntington Ave,Boston,MA,02115-5005,25,1,Joseph E. Aoun,President,6173732000,6173738780,41679980,219900,1,www.northeastern.edu,www.northeastern.edu/neuhome/admissions/index.html,www.northeastern.edu/financialaid/,www.northeastern.edu/admissions/apply/index.html,www.northeastern.edu/financialaid/loans/financialplanning.html,2,1,2,9,1,1,11,1,2,2,2,2,11,1,A ,-2,-2,-2,1,1,1,1,1, ,2,16,11,15,12,5,17,15,2,5,14460,1,148,71650,2, ,-2,25025,Suffolk County,2507,-71.088782,42.339992
142115,Boise State University,1910 University Dr,Boise,ID,83725,16,7,Dr. Bob Kustra,President,2084261011, ,820290701,161600,1,www.boisestate.edu,admissions.boisestate.edu/,financialaid.boisestate.edu/,admissions.boisestate.edu/apply,admissions.boisestate.edu/estimator,1,1,1,9,1,1,12,1,2,2,2,2,12,1,A ,-2,-2,-2,1,1,1,1,1,Boise State,2,18,10,18,8,3,15,21,2,5,14260,1,147,-2,1,Idaho State Board of Education,116010,16001,Ada County,1602,-116.205789,43.604403
151351,Indiana University-Bloomington,107 South Indiana Ave.,Bloomington,IN,47405-7000,18,3,Michael McRobbie,President,8128554848, ,356001673,180900,1,www.iub.edu,admit.indiana.edu/,studentcentral.indiana.edu/financial-aid,admit.indiana.edu/apply/freshmen/apply.shtml,npc.collegeboard.org/student/app/indiana,1,1,1,9,1,1,11,1,2,2,2,2,13,1,A ,-2,-2,-2,1,1,1,1,1,IU|IUB|IU Bloomington|,2,15,11,15,12,4,16,15,2,5,14020,1,144,-2,1,Indiana University,118020,18105,Monroe County,1809,-86.526904,39.166383
145813,Illinois State University,North and School Streets,Normal,IL,61790-1000,17,3,Timothy Flanagan,President,3094382111,3094383932,376014070,169200,1,illinoisstate.edu/,www.admissions.illinoisstate.edu,financialaid.illinoisstate.edu/,www.admissions.illinoisstate.edu/apply,financialaid.illinoisstate.edu/prospective/estimator,1,1,1,9,1,1,11,1,2,2,2,2,22,1,A ,-2,-2,-2,1,1,1,1,1, ,2,17,14,18,13,3,16,16,2,5,14010,1,145,-2,2, ,-2,17113,McLean County,1713,-88.99234,40.509724
233921,Virginia Polytechnic Institute and State University,222 Burruss Hall,Blacksburg,VA,24061-0131,51,5,Charles W. Steger,President,5402316000, ,546001805,375400,1,WWW.VT.EDU,www.admiss.vt.edu,www.finaid.vt.edu,www.admiss.vt.edu/apply/apply_online.php,www.apps.finaid.vt.edu/apps/NPC/npcalc.htm,1,1,1,9,1,1,11,1,2,2,1,2,13,1,A ,-2,-2,-2,1,1,1,1,1,Virginia Tech,2,15,11,17,12,4,16,15,1,5,13980,1,-2,-2,2, ,-2,51121,Montgomery County,5109,-80.423267,37.228561
159391,Louisiana State University and Agricultural & Mechanical College,156 Thomas Boyd Hall,Baton Rouge,LA,70803-2750,22,5,F. King Alexander,President & Chancellor,2255783202,2255785982,726000848,201000,1,www.lsu.edu,sites01.lsu.edu/wp/admissions/,www.lsu.edu/financialaid/,sites01.lsu.edu/wp/admissions/become-a-tiger-2/apply/,www.lsu.edu/departments/financialaid/item30486,1,1,1,9,1,1,11,1,2,2,1,2,41,1,A ,-2,-2,-2,1,1,1,1,1,Louisiana State University|LSU,2,15,11,14,12,4,16,15,1,5,12940,1,-2,-2,1,Louisiana State University System,122020,22033,East Baton Rouge Parish,2202,-91.196656,30.552111
162928,Johns Hopkins University,"3400 N Charles St, Mason Hall",Baltimore,MD,21218-2688,24,2,Mr. Ronald J. Daniels,President,4105168000,4105166025,520595110,207700,1,www.jhu.edu,apply.jhu.edu/index.html,apply.jhu.edu/finaid/finaid.html,apply.jhu.edu/apply/application.html,npc.collegeboard.org/student/app/jhu,2,1,2,9,1,1,11,1,2,2,1,2,11,1,A ,-2,-2,-2,1,1,1,1,1, ,2,15,11,14,12,6,17,15,2,5,12580,1,548,-2,2, ,-2,24510,Baltimore city,2407,-76.620799,39.32838
164076,Towson University,8000 York Rd,Towson,MD,21252-0001,24,2,Dr. Maravene S. Loeschke,President,4107042000, ,526002033,209900,1,www.towson.edu,www.towson.edu/main/admissions/,www.towson.edu/main/finaid/,www.towson.edu/main/admissions/applynow.asp,www.towson.edu/main/finaid/netpricecalculator/npcalc.asp,1,1,1,9,1,1,11,1,2,2,2,2,13,1,A ,-2,-2,-2,1,1,1,1,1, ,2,18,10,18,11,4,16,21,2,5,12580,1,548,-2,1,University System of Maryland,124010,24005,Baltimore County,2402,-76.612268,39.393008
228459,Texas State University,601 University Dr,San Marcos,TX,78666,48,6,Denise Trauth,President,5122452111,5122459020,746002248,361500,1,www.txstate.edu,www.admissions.txstate.edu/,www.finaid.txstate.edu/,https://www.applytexas.org/adappc/gen/c_start.WBX,www.finaid.txstate.edu/helpful/npc.html,1,1,1,9,1,1,11,1,2,2,2,2,23,1,A ,-2,-2,-2,1,1,1,1,1,Texas State|Texas State University-San Marcos|Southwest Texas State University|Southwest Texas State|SWT|SWTSU|Texas State San Marcos|TxSt|TxState|TS|,2,18,10,18,11,4,15,21,2,5,12420,1,-2,-2,1,Texas State University System,148040,48209,Hays County,4835,-97.936392,29.889202
228778,The University of Texas at Austin,2400 Inner Campus Drive,Austin,TX,78712,48,6,"William Powers, Jr.",President,5124713434, ,746000203,365800,1,www.utexas.edu,www.utexas.edu/student/admissions,finaid.utexas.edu,bealonghorn.utexas.edu/services/apply/apply/index.html,www.collegeportraits.org/TX/UTAustin/,1,1,1,9,1,1,11,1,2,2,2,2,11,1,A ,-2,-2,-2,1,1,1,1,1,UT Austin |University of Texas,2,15,11,15,13,4,15,15,2,5,12420,1,-2,-2,1,The University of Texas System,148060,48453,Travis County,4825,-97.737279,30.284733
100858,Auburn University,"Auburn, Alabama",Auburn University,AL,36849,1,5,Jay Gogue,President,3348444000, ,636000724,100900,1,www.auburn.edu,www.auburn.edu/admissions/,www.auburn.edu/administration/business_office/finaid/,www.auburn.edu/admissions/,www.auburn.edu/admissions/money-matters.html,1,1,1,9,1,1,11,1,2,2,1,2,13,1,A ,-2,-2,-2,1,1,1,1,1, ,2,16,14,14,13,4,15,15,1,5,12220,1,194,-2,1,Auburn University,101040,1081,Lee County,103,-85.492409,32.600201
139755,Georgia Institute of Technology-Main Campus,225 North Ave,Atlanta,GA,30332-0530,13,5,G.P.  Bud  Peterson,President,4048942000, ,586002023,156900,1,www.gatech.edu,www.admission.gatech.edu/,www.finaid.gatech.edu/,www.admission.gatech.edu/apply/,www.admission.gatech.edu/npcalc/npcalc1011.htm,1,1,1,9,1,1,12,1,2,2,2,2,11,1,A ,-2,-2,-2,1,1,1,1,1,Georgia Tech,2,15,14,15,12,5,17,15,2,5,12060,1,122,-2,1,University System of Georgia,113020,13121,Fulton County,1305,-84.396019,33.773732
139940,Georgia State University,33 gilmer st,Atlanta,GA,30303-3083,13,5,Mark P. Becker,President,4044132000,4044132002,586002050,157400,1,www.gsu.edu,www.gsu.edu/admissions/,www.gsu.edu/es/financial_aid.html,www.gsu.edu/gastate_admissions.html,www.gsu.edu/admissions/cost_calculator.html,1,1,1,9,1,1,11,1,2,2,2,2,11,1,A ,-2,-2,-2,1,1,1,1,1, ,2,15,11,15,8,4,15,15,2,5,12060,1,122,-2,1,University System of Georgia,113020,13121,Fulton County,1305,-84.38667,33.7527
140164,Kennesaw State University,1000 Chastain Rd,Kennesaw,GA,30144-5591,13,5,Dan Papp,President,7704236000,7704993370,580965786,157700,1,www.kennesaw.edu,www.kennesaw.edu/admissions/,www.kennesaw.edu/financial_aid/,www.kennesaw.edu/admissions/online_applications_forms.html,www.kennesaw.edu/financial_aid/npcalc/npcalc.htm,1,1,1,9,1,1,12,1,2,2,2,2,21,1,A ,-2,-2,-2,1,1,1,1,1,KSU,2,18,13,4,8,3,15,21,2,5,12060,1,122,-2,1,University System of Georgia,113020,13067,Cobb County,1311,-84.58083,34.03629
139959,University of Georgia,Administration Building,Athens,GA,30602,13,5,Jere W. Morehead,President,7065423000, ,586001998,159800,1,www.uga.edu,https://www.admissions.uga.edu/index.html,osfa.uga.edu/index.html,https://www.admissions.uga.edu/article/apply-now.html,www.collegeportraits.org/GA/UGA/estimator/agree,1,1,1,9,1,1,11,1,2,2,1,2,12,1,A ,-2,-2,-2,1,1,1,1,1, ,2,15,11,14,13,4,16,15,1,5,12020,1,122,-2,1,University System of Georgia,113020,13059,Clarke County,1310,-83.374049,33.956428
204857,Ohio University-Main Campus,020 Chubb Hall,Athens,OH,45701-2979,39,3,Dr. Roderick J. McDavis,President,7405931000, ,316402113,310000,1,www.ohio.edu,www.ohio.edu/admissions/,www.ohio.edu/financialaid/,https://www.applyweb.com/apply/ohiou/menu.html,www.collegeportraits.org/OH/OU/estimator,1,1,1,9,1,1,11,1,2,2,1,2,32,1,A ,-2,-2,-2,1,1,1,1,1, ,2,16,14,14,10,4,16,15,2,5,11900,2,-2,-2,2, ,-2,39009,Athens County,3915,-82.101064,39.326799
169798,Eastern Michigan University,202 Welch Hall,Ypsilanti,MI,48197,26,3,Dr. Susan Martin,President,7344871849, ,386005986,225900,1,www.emich.edu,www.emich.edu/admissions/,www.emich.edu/finaid/,www.emich.edu/admissions/apply/,www.emich.edu/finaid/calculator/,1,1,1,9,1,1,12,1,2,2,2,2,21,1,A ,-2,-2,-2,1,1,1,1,1, ,2,18,14,18,8,4,15,21,2,5,11460,1,220,-2,2, ,-2,26161,Washtenaw County,2612,-83.624499,42.245751
170976,University of Michigan-Ann Arbor,503 Thompson Street,Ann Arbor,MI,48109,26,3,Mary Sue Coleman,President,7347641817, ,386006309,232500,1,www.umich.edu,www.admissions.umich.edu,www.finaid.umich.edu,www.admissions.umich.edu/applying,www.finaid.umich.edu/TopNav/Resources/MCalc.aspx,1,1,1,9,1,1,11,1,2,1,1,2,12,1,A ,-2,-2,-2,1,1,1,1,1,U of Michigan|U of M|Univ of Michigan|U Michigan Ann Arbor|University of Michigan Ann Arbor,2,15,8,14,12,5,16,15,2,5,11460,1,220,-2,2, ,-2,26161,Washtenaw County,2612,-83.74313,42.276172
153603,Iowa State University,3410 Beardshear Hall,Ames,IA,50011-2030,19,4,Steven Leath,President,5152945836,5152942592,426004224,186900,1,www.iastate.edu,www.admissions.iastate.edu/,www.financialaid.iastate.edu/,www.admissions.iastate.edu/apply/,www.financialaid.iastate.edu/planning/financialcalculator.php,1,1,1,9,1,1,11,1,2,2,1,2,13,1,A ,-2,-2,-2,1,1,1,1,1,ISU,2,15,14,14,13,4,16,15,1,5,11180,1,218,-2,2, ,-2,19169,Story County,1904,-93.648353,42.026368
187985,University of New Mexico-Main Campus,1700 Lomas Blvd NE,Albuquerque,NM,87106,35,6,Robert G Frank,President,5052770111,5052776686,856000642,266300,1,www.unm.edu,www.unm.edu/admissions/,finaid.unm.edu/,www.unm.edu/apply/,npc.collegeboard.org/student/app/unm,1,1,1,9,1,1,11,1,2,1,1,2,11,1,A ,-2,-2,-2,1,1,1,1,1,UNM,2,15,11,14,11,4,15,15,2,5,10740,1,106,-2,1,University of New Mexico,135030,35001,Bernalillo County,3501,-106.620155,35.083868
196680,Excelsior College,7 Columbia Cir,Albany,NY,12203-5159,36,2,John F. Ebersole,President,5184648500,5184648777,141599643,283400,1,www.excelsior.edu,https://www.excelsior.edu/admissions,https://www.excelsior.edu/financial-aid,https://www.excelsior.edu/admissions,my.excelsior.edu/secapps/CostCal/ECCost.jsf,2,1,2,8,1,1,20,1,2,2,2,2,13,1,A ,-2,-2,-2,1,1,1,1,3, ,2,19,2,5,5,3,15,31,2,5,10580,1,104,-2,2, ,-2,36001,Albany County,3620,-73.862204,42.704887
200800,University of Akron Main Campus,302 Buchtel Common,Akron,OH,44325-4702,39,3,Luis M Proenza,President,3309727111, ,346002924,312300,1,www.uakron.edu,www.uakron.edu/admissions/,www.uakron.edu/finaid/,www.uakron.edu/admissions/undergraduate/admission_procedures/index.dot,www.uakron.edu/finaid/,1,1,1,9,1,1,11,1,2,2,2,2,12,1,A ,-2,-2,-2,1,1,1,1,1, ,2,16,14,15,10,4,15,16,2,5,10420,1,184,-2,2, ,-2,39153,Summit County,3913,-81.510328,41.077768
203517,Kent State University at Kent,"Executive Office, 2nd Floor Library",Kent,OH,44242-0001,39,3,Dr. Lester Lefton,President,3306723000, ,316402079,305100,1,www.kent.edu, , , ,cmsprod.uis.kent.edu/about/administration/EMSA/financialaid/ksunpc.cfm,1,1,1,9,1,1,11,1,2,2,2,2,21,1,A ,-2,-2,-2,1,1,1,1,1, ,2,16,14,15,11,4,16,15,2,5,10420,1,184,-2,1,The University System of Ohio,139090,39133,Portage County,3913,-81.342253,41.146856
