Fuel Type Code,Station Name,Street Address,City,State,ZIP,Plus4,latitude,longitude,Station Phone,Status Code,Expected Date,Groups With Access Code,Access Days Time,Cards Accepted,BD Blends,NG Fill Type Code,NG PSI,EV Level1 EVSE Num,EV Level2 EVSE Num,EV DC Fast Count,EV Other Info,EV Network,EV Network Web,Geocode Status,Latitude,Longitude,Date Last Confirmed,ID,Updated At,Owner Type Code,Federal Agency ID,Federal Agency Name,Open Date,Hydrogen Status Link,NG Vehicle Class,LPG Primary,E85 Blender Pump,EV Connector Types
BD,East Side Travel Plaza,607 Gateway Dr,East Grand Forks,MN,56721,,47.9379322,-97.0107874,218-773-4345,E,,Public,5am-10pm daily,A Checks Cash D M V,"B20 in summer, B5",,,,,,,,,200-8,47.9375198,-97.0145484,3/6/2014,42479,2014-03-06 18:13:40 UTC,P,,,12/31/2008,,,,,
BD,Piedmont Biofuels - Carrboro Public Works,100 Public Works Dr,Carrboro,NC,27510,,35.9006394,-79.0748738,919-321-8260,E,,Public - Card key after hours,8:30am-4:30pm M-F; contact station to arrange for card key,Cash M V,B100,,,,,,,,,GPS,35.939414,-79.056994,7/2/2014,27886,2014-07-02 20:28:58 UTC,P,,,9/15/2005,,,,,
BD,Propel Fuels - 76,1850 E Holt Blvd,Ontario,CA,91761,,34.063137,-117.611481,909-467-1809,E,,Public - Credit card at all times,24 hours daily; Also accept Propel CleanDrive fleet card,A D FuelMan M V Voyager Wright_Exp,B20,,,,,,,,,200-8,34.0631733,-117.6113105,9/5/2014,47982,2014-09-05 20:24:50 UTC,P,,,1/15/2013,,,,,
BD,Daily's #7111,5272 Cane Ridge Rd,Nashville,TN,37013,,36.0454597,-86.6613312,615-731-4063,E,,Public,24 hours daily,A Cash D M V Voyager,B20,,,,,,,,,200-8,36.045435,-86.6613932,8/5/2014,32501,2014-08-05 17:48:16 UTC,P,,,10/1/2006,,,,,
BD,Carl's Junior 76 Station,2140 N Nimitz Hwy,Honolulu,HI,96819,,21.328142,-157.885864,808-848-0480,E,,Public,"5:30am-10pm M-W, 6am-11pm Th-Sat, 6am-10pm Sun",A Cash D M V,B99,,,,,,,,,200-8,21.3282018,-157.8858304,5/2/2014,30606,2014-05-02 14:22:41 UTC,P,,,10/15/2006,,,,,
BD,Yocum Holiday #3871,2030 Eagle Creek Ln,Woodbury,MN,55129,,44.919239,-92.901787,651-998-1123,E,,Public - Credit card after hours,"5am-11:30pm M-F, 6am-11:30pm Sat-Sun",A Cash D M V Voyager Wright_Exp,"B20 in summer, B5 in winter",,,,,,,,,200-8,44.919239,-92.901783,3/6/2014,49538,2014-03-06 18:10:39 UTC,P,,,5/15/2012,,,,,
BD,Saxapahaw General Store,1735 Saxapahaw-Bethlehem Church Rd,Saxapahaw,NC,27340,,35.946529,-79.318336,336-376-5332,E,,Public - Card key at all times,24 hours daily; must have piedmont biofuels card to fuel - visit http://www.biofuels.coop/ to arrange for card key,,B100,,,,,,,,,200-8,35.946531,-79.318335,7/2/2014,37616,2014-07-02 20:27:11 UTC,P,,,1/29/2011,,,,,
BD,Pacific Pride,19020 63rd Ave NE,Arlington,WA,98223,,48.1686444,-122.1460129,800-950-3835,E,,Public - Card key at all times,24 hours daily; also accept Pacific Pride and Comdata cards,Voyager Wright_Exp,B20,,,,,,,,,200-8,48.1686092,-122.1459816,3/6/2014,35526,2014-03-06 18:13:53 UTC,P,,,3/1/2010,,,,,
BD,Pacific Biodiesel Inc - Burt's Service,1342 N School St,Honolulu,HI,96817,,21.3315325,-157.8658137,808-841-6711,E,,Public,"6am-10:30pm M-Sat, 7am-10pm Sun",A Cash D M V Wright_Exp,"B20, any blend up to B20 available",,,,,,,,,200-8,21.3318109,-157.866066,5/2/2014,38045,2014-05-02 14:27:02 UTC,P,,,9/30/2009,,,,,
BD,Propel Fuels - Shell,3204 Richards Rd,Bellevue,WA,98005,,47.5814988,-122.1681987,425-746-8945,E,,Public - Credit card at all times,24 hours daily,A D FuelMan M V Voyager Wright_Exp,B20,,,,,,,,,200-8,47.581392,-122.1676714,6/3/2014,33169,2014-06-03 03:42:37 UTC,P,,,1/15/2008,,,,,
BD,Central Washington Biodiesel,1000 N Prospect St,Ellensburg,WA,98926,,47.0006336,-120.564801,509-899-3370,E,,Public - Call ahead,Contact station for arrangements,Checks Cash M V,"B99 in summer, B50 in winter",,,,,,,,,200-8,47.0015486,-120.5654347,5/2/2014,48484,2014-05-02 14:03:42 UTC,P,,,1/15/2006,,,,,
BD,Citgo Easy Stop Food - Mid-State Energy,4235 Clark Rd,Sarasota,FL,34233,,27.2696533,-82.4836807,941-922-5696,E,,Public,"6am-9pm M-F, 7am-9pm Sat, 8am-8pm Sun",A Checks Cash D M V Voyager Wright_Exp,B20,,,,,,,,,200-8,27.2693278,-82.4835626,8/5/2014,51031,2014-08-05 17:55:23 UTC,P,,,2/28/2013,,,,,
BD,American Homegrown Fuel Corp - First Coast Biofuels,1170 W US Highway 90,Lake City,FL,32055,,30.18535,-82.652603,386-754-2616,E,,Public,6am-4pm M-F,Checks Cash D M V,B20,,,,,,,,,200-8,30.18535,-82.652605,8/5/2014,29976,2014-08-05 17:46:51 UTC,P,,,8/15/2006,,,,,
BD,Propel Fuels - Shell,9190 E Stockton Blvd,Elk Grove,CA,95624,,38.424084,-121.390793,916-686-6560,E,,Public - Credit card at all times,24 hours daily; Also accept Propel CleanDrive fleet card,A D FuelMan M V Voyager Wright_Exp,B20,,,,,,,,,200-8,38.4240691,-121.3907558,9/5/2014,50633,2014-09-05 20:25:41 UTC,P,,,1/12/2008,,,,,
BD,CFN - Central Petroleum,755 NE 1st St,Bend,OR,97701,,44.057697,-121.30629,541-382-4751,E,,Public - Card key at all times,24 hours daily,CFN,B20,,,,,,,,,200-8,44.0574464,-121.3063099,3/6/2014,32889,2014-03-06 18:13:59 UTC,P,,,2/15/2008,,,,,
BD,Pacific Pride,3037 NW 29th Ave,Portland,OR,97210,,45.5439346,-122.7110242,800-950-3835,E,,Public - Card key at all times,24 hours daily; also accept Pacific Pride and Comdata cards,Voyager Wright_Exp,"B20, B5",,,,,,,,,200-8,45.5446886,-122.7110986,3/6/2014,24287,2014-03-06 18:13:53 UTC,P,,,3/1/2010,,,,,
BD,Star Oilco - SeQuential Biofuels,232 Middlefield Rd,Portland,OR,97211,,45.5954628,-122.6634827,503-283-1256,E,,Public,8:30am-4:30pm M-F,Checks Cash,B99,,,,,,,,,200-8,45.5955781,-122.6632889,3/6/2014,28761,2014-03-06 18:13:44 UTC,P,,,6/15/2004,,,,,
BD,Glover Oil,3109 S Main St,Melbourne,FL,32901,,28.063101,-80.598686,321-723-3953,E,,Public,7am-5pm M-F,Cash M V,B100 and below; all blends available,,,,,,,,,200-8,28.0627351,-80.5987347,8/5/2014,34180,2014-08-05 17:48:09 UTC,P,,,6/15/2005,,,,,
BD,Eblen Short Stop #8,1438 Tunnel Rd,Asheville,NC,28805,,35.584503,-82.463058,828-298-9269,E,,Public,6am-1am daily,A Cash D M V,B20,,,,,,,,,200-8,35.584438,-82.463025,7/3/2014,31817,2014-07-03 13:21:54 UTC,P,,,5/15/2007,,,,,
BD,Triangle Biofuels Industries,1724 Baldree Rd S,Wilson,NC,27893,,35.7039826,-77.916417,252-360-4274,E,,Public,8am-5pm M-F or by appointment,A Checks Cash D M V,"B99, B20",,,,,,,,,200-8,35.702584,-77.91733,6/30/2013,35048,2014-06-27 19:49:29 UTC,P,,,9/1/2009,,,,,
BD,McCormix,22 N Calle Cesar Chavez,Santa Barbara,CA,93103,,34.419243,-119.682678,805-963-9366,E,,Public,6:30am-5pm M-F,Cash D M V,B99,,,,,,,,,200-8,34.4192423,-119.6828673,9/5/2014,50234,2014-09-05 20:33:01 UTC,P,,,6/15/2012,,,,,
BD,Propel Fuels - Chevron,39707 Paseo Padre Pkwy,Fremont,CA,94538,,37.548138,-121.971497,510-651-6334,E,,Public - Credit card at all times,24 hours daily; Also accept Propel CleanDrive fleet card,A D FuelMan M V Voyager Wright_Exp,B20,,,,,,,,,200-8,37.548138,-121.971555,9/5/2014,50634,2014-09-05 20:25:07 UTC,P,,,8/2/2010,,,,,
BD,Yocum Holiday #3833,255 Triangle Ln N,Jordan,MN,55352,,44.670486,-93.638168,952-492-7737,E,,Public - Credit card after hours,"5am-12am Sun-Th, 5am-1am F-Sat",A Cash D M V Voyager Wright_Exp,"B20 in summer, B5 in winter",,,,,,,,,200-8,44.6706361,-93.6379503,3/6/2014,49536,2014-03-06 18:10:37 UTC,P,,,5/15/2012,,,,,
BD,Propel Fuels - 76,14152 E Imperial Hwy,La Mirada,CA,90638,,33.91674,-118.029709,562-921-6989,E,,Public,24 hours daily; Also accept Propel CleanDrive fleet card,A Cash D FuelMan M V Voyager Wright_Exp,B20,,,,,,,,,200-8,33.9167866,-118.0297852,9/5/2014,47981,2014-09-05 20:24:53 UTC,P,,,3/1/2013,,,,,
BD,Propel Fuels - Shell,8062 Florin Rd,Sacramento,CA,95828,,38.495651,-121.409401,916-393-2585,E,,Public - Credit card at all times,24 hours daily; Also accept Propel CleanDrive fleet card,A D FuelMan M V Voyager Wright_Exp,B20,,,,,,,,,200-8,38.4957188,-121.4093845,9/5/2014,41632,2014-09-05 20:25:36 UTC,P,,,11/30/2009,,,,,
BD,Piedmont Biofuels - Edible Earthscapes,37 Thomas Ln,Moncure,NC,27559,,35.6556652,-79.1272628,919-321-8260,E,,Public - Card key at all times,24 hours daily; contact station to arrange for card key,,B100,,,,,,,,,200-8,35.6555174,-79.1271929,7/2/2014,27884,2014-07-02 20:27:52 UTC,P,,,9/15/2005,,,,,
BD,Yokayo Biofuels,44440 Highway 101,Laytonville,CA,95454,,39.6818762,-123.4768002,877-806-0900,E,,Public,10am-5pm W,A Cash D M V,"B99 in summer, B95 in winter",,,,,,,,,GPS,39.683803,-123.478364,11/30/2013,37513,2014-09-02 21:51:28 UTC,P,,,2/15/2003,,,,,
BD,Feece Oil Co,1700 Hubbard Dr,Batavia,IL,60510,,41.8590431,-88.2716904,630-879-1911,E,,Public,"6am-6pm M-F, 6am-12pm Sat",A Checks Cash D M V,B100,,,,,,,,,200-8,41.858982,-88.271692,10/31/2013,25535,2014-10-06 19:16:59 UTC,P,,,10/15/2003,,,,,
BD,Daily's #8863,4040 Hillsboro Pike,Nashville,TN,37215,,36.102943,-86.815941,615-298-5745,E,,Public,24 hours daily; Also accept Fleet One,A Cash D M V,B20,,,,,,,,,200-8,36.102947,-86.815943,8/5/2014,33419,2014-08-05 17:56:51 UTC,P,,,6/1/2008,,,,,
BD,Island Supply - Mead Biofuel,21 W Beach Rd,Eastsound,WA,98245,,48.677753,-122.939941,360-376-4200,E,,Public,"7:30am-5:30pm M-F, 8:30am-5:30pm Sat",Cash D M V,B99,,,,,,,,,200-8,48.677753,-122.939944,6/3/2014,25140,2014-06-03 03:42:32 UTC,P,,,1/15/2002,,,,,
BD,Spinx #243,1605 John B White Blvd,Spartanburg,SC,29301,,34.9233746,-81.9769523,864-576-0336,E,,Public,24 hours daily,A Cash D M V Voyager Wright_Exp,B20,,,,,,,,,200-8,34.922952,-81.976522,10/6/2014,34312,2014-10-06 15:20:39 UTC,P,,,4/15/2009,,,,,
BD,Applebee Oil & Propane,108 Mill St,Ovid,MI,48866,,43.0050796,-84.3760414,989-834-2828,E,,Public,"8am-5pm M-F, 8am-12pm Sat",A Cash D M V,B20,,,,,,,,,200-8,43.0059745,-84.3760119,7/3/2014,47977,2014-07-03 13:21:21 UTC,P,,,1/15/2010,,,,,
BD,Royal Petroleum - Todd Road,365 Todd Rd,Santa Rosa,CA,95407,,38.387802,-122.72541,707-540-0054,E,,Public - Card key after hours,7am-5pm M-F; 24 hour access with CFN card,A CFN Checks Cash M V,B99,,,,,,,,,200-8,38.3875971,-122.7255322,9/5/2014,32675,2014-09-05 20:33:17 UTC,P,,,10/15/2007,,,,,
BD,Dr Dan's Alternative Fuels Werks,912 NW 50th St,Seattle,WA,98107,,47.665249,-122.369316,206-783-5728,E,,Public - Credit card after hours,10am-6pm M-F,A Checks Cash D M V,B99,,,,,,,,,200-8,47.665262,-122.3693058,6/3/2014,21113,2014-06-03 03:42:30 UTC,P,,,5/15/2001,,,,,
BD,Propel Fuels - Shell,7901 Madison Ave,Citrus Heights,CA,95610,,38.664295,-121.271622,800-871-0773,E,,Public,24 hours daily; Also accept Propel CleanDrive fleet card,A Cash D FuelMan M V Voyager Wright_Exp,B20,,,,,,,,,200-8,38.664295,-121.271623,9/5/2014,41143,2014-09-05 20:25:29 UTC,P,,,12/1/2010,,,,,
BD,Pacific Pride - Ira Phillips Inc,2601 Forrest Ave,Gadsden,AL,35904,,34.019089,-86.044022,256-547-0591,E,,Public - Card key at all times,"24 hours daily; Also accept Pacific Pride, Fleet One, TCH, T-Chek and Comdata cards",Voyager Wright_Exp,B20,,,,,,,,,200-8,34.019085,-86.04403,9/5/2014,63073,2014-09-05 20:24:07 UTC,P,,,7/20/2012,,,,,
BD,Kent's Korner #11 - Exxon,1012 Columbia Rd,Edgefield,SC,29824,,33.7972794,-81.8882523,803-637-3435,E,,Public,"6am-10pm M-F, 6am-12am Sat, 7am-10pm Sun",A Checks Cash D M V Voyager Wright_Exp,B20,,,,,,,,,GPS,33.796925,-81.889661,6/3/2014,40622,2014-06-03 03:50:48 UTC,P,,,4/30/2010,,,,,
BD,Twice Daily #6135,911 S Hartman Dr,Lebanon,TN,37087,,36.1866776,-86.3258974,615-453-5409,E,,Public,24 hours daily,A Cash D M V Voyager Wright_Exp,B20,,,,,,,,,200-8,36.2358635,-86.3122169,8/5/2014,32704,2014-08-05 17:57:30 UTC,P,,,3/1/2007,,,,,
BD,Snohomish Co-op,168 Lincoln Ave,Snohomish,WA,98290,,47.9117619,-122.08753,360-568-2104,E,,Public - Credit card after hours,"7am-6:30pm M-F, 8am-6pm Sat, 10am-5pm Sun",A Cash D M V,"B99 in summer, B20 in winter",,,,,,,,,200-8,47.9120559,-122.0877887,6/3/2014,31225,2014-06-03 03:42:42 UTC,P,,,1/15/2007,,,,,
BD,Mirabito Travel Center,1166 Castle Creek Rd,Castle Creek,NY,13744,,42.23151,-75.916809,607-648-4425,E,,Public,24 hours daily,A CFN Checks Cash D FuelMan GasCard M PHH V Voyager Wright_Exp,B20,,,,,,,,,200-8,42.2316069,-75.916744,4/4/2014,48893,2014-04-04 19:20:43 UTC,P,,,6/15/2010,,,,,
BD,Maritime Farms,20 Commercial St,Rockport,ME,4856,,44.199024,-69.078323,207-236-4597,E,,Public,"5am-9pm M-F, 6am-9pm Sat, 6am-8pm Sun",A Cash D M V Voyager,B20,,,,,,,,,200-8,44.199026,-69.078323,4/4/2014,33202,2014-04-04 18:52:33 UTC,P,,,7/15/2008,,,,,
BD,BioFuel Oasis,1441 Ashby Ave,Berkeley,CA,94702,,37.853474,-122.279388,510-665-5509,E,,Public,11am-7pm M-Sat; extended hours when using the Fueling Freedom card; visit biofueloasis.com for details,Checks Cash M V,B99,,,,,,,,,200-8,37.8534653,-122.2793904,9/5/2014,27289,2014-09-05 20:32:42 UTC,P,,,7/15/2005,,,,,
BD,Sapp Bros,3130 May Rd,Peru,IL,61354,,41.366968,-89.1529571,815-224-1065,E,,Public,24 hours daily; also accept Comdata cards,A Cash D FuelMan M V Voyager Wright_Exp,B20,,,,,,,,,200-8,41.3667036,-89.1521528,10/31/2013,47975,2014-10-06 19:25:50 UTC,P,,,4/15/2005,,,,,
BD,Carolina Biodiesel,1410 Cross St,Durham,NC,27701,,35.9838241,-78.8865533,919-957-1500,E,,Public - Call ahead,Contact station to arrange for access between 9am-7pm M-Sat,Checks Cash,"B99 in summer, B80 in winter",,,,,,,,,200-8,35.9839257,-78.8861158,7/3/2014,32707,2014-07-03 13:21:50 UTC,P,,,10/15/2005,,,,,
BD,EF Kludt & Sons Inc,1126 E Pine St,Lodi,CA,95240,,38.133595,-121.253166,209-368-0634,E,,Public - Credit card at all times,24 hours daily,A CFN D M V Voyager,B20,,,,,,,,,200-8,38.133596,-121.253209,10/6/2014,63281,2014-10-06 15:22:29 UTC,P,,,7/1/2014,,,,,
BD,Baltimore Biodiesel Co-op,2800 Sisson St,Baltimore,MD,21211,,39.319572,-76.626038,443-838-1826,E,,Public - Credit card at all times,"24 hours daily; requires co-op membership, but one-day passes are available; see www.baltimorebiodiesel.org to join",M V,"B99, B50 in winter",,,,,,,,,200-8,39.3195391,-76.6259904,10/31/2013,33532,2014-10-13 14:44:08 UTC,P,,,12/15/2008,,,,,
BD,Saint Avenue BP,302 E School Ave,Mount Pleasant,IA,52641,,41.1345406,-91.5396729,319-694-2200,E,,Public,5am-10pm daily,A Checks Cash D M V Voyager Wright_Exp,B20,,,,,,,,,GPS,41.134114,-91.541158,8/5/2014,61125,2014-08-05 17:53:01 UTC,P,,,8/1/2013,,,,,
BD,Piedmont Biofuels - Tidal Creek Co-op,5331 Oleander,Wilmington,NC,28403,,34.2080918,-77.8623236,919-321-8260,E,,Public - Card key at all times,24 hours daily; contact station to arrange for card key,,B100,,,,,,,,,200-8,34.2081323,-77.861368,7/3/2014,47267,2014-07-03 13:19:30 UTC,P,,,5/15/2012,,,,,
BD,Vriesland Country Store,6420 Byron Rd,Zeeland,MI,49464,,42.8118271,-85.9407771,616-772-4445,E,,Public,"5:30am-11pm M-F, 6am-11pm Sat, 8am-10pm Sun",A Cash D M V Voyager Wright_Exp,"B20, B15, B10, B5",,,,,,,,,200-8,42.8115802,-85.9409169,5/2/2014,38050,2014-05-02 14:27:12 UTC,P,,,2/28/2009,,,,,
BD,Bio-Blend Fuels Inc,2817 Basswood Dr,Manitowoc,WI,54220,,44.1317825,-87.712532,920-686-1997,E,,Public - Credit card at all times,24 hours daily,M V,"B99 in summer, B50, B20",,,,,,,,,200-8,44.131782,-87.712531,5/31/2013,41979,2014-10-15 19:28:26 UTC,P,,,12/1/2008,,,,,
BD,Silvas Oil Co Inc - Pearson Fuels,6417 Ventura Blvd,Ventura,CA,93003,,34.247993,-119.199966,805-288-5477,E,,Public - Credit card at all times,24 hours daily,A CFN D FuelMan M V Voyager Wright_Exp,B20,,,,,,,,,200-8,34.248013,-119.199978,9/5/2014,35647,2014-09-05 20:25:59 UTC,P,,,4/1/2010,,,,,
BD,MAPCO Express #3507,1406 Cleveland Hwy,Dalton,GA,30721,,34.799011,-84.961761,706-259-6237,E,,Public,24 hours daily,A Cash D M V Voyager Wright_Exp,B20,,,,,,,,,200-8,34.799011,-84.9617619,10/6/2014,47972,2014-10-06 15:18:54 UTC,P,,,6/11/2012,,,,,
BD,Bently Biofuels Outpost,1350 Buckeye Rd,Minden,NV,89423,,38.9613739,-119.7377385,775-783-0123,E,,Public - Credit card at all times,24 hours daily,GasCard M V Voyager Wright_Exp,"B99 in summer, B50 in winter, B20, B5",,,,,,,,,200-8,38.9616384,-119.7351985,10/6/2014,29472,2014-10-06 15:18:15 UTC,P,,,6/15/2006,,,,,
BD,Dogwood Shell,1488 Montgomery Hwy,Vestavia Hills,AL,35216,,33.415058,-86.805,205-979-6433,E,,Public,"5:30am-12am M-F, 6am-12am Sat, 6am-10pm Sun",A Cash D FuelMan M V Voyager Wright_Exp,B20,,,,,,,,,200-8,33.415059,-86.804913,9/5/2014,32714,2014-09-05 20:24:15 UTC,P,,,3/10/2008,,,,,
BD,MAPCO #3378,1501 Murfreesboro Rd,Franklin,TN,37067,,35.9135026,-86.8210821,615-790-8663,E,,Public,24 hours daily,A Cash D M V Voyager Wright_Exp,B20,,,,,,,,,200-8,35.913436,-86.8211368,8/5/2014,48479,2014-08-05 17:48:16 UTC,P,,,1/15/2012,,,,,
BD,OM Biofuels - Fox Music House,3005 W Montague Ave,Charleston,SC,29418,,32.8676109,-80.0125961,843-740-7200,E,,Public - Credit card at all times,24 hours daily,A D M V,B20,,,,,,,,,200-8,32.8675732,-80.0123667,10/6/2014,47269,2014-10-06 15:20:16 UTC,P,,,9/19/2014,,,,,
BD,Spinx #350,6899 Rivers Ave,North Charleston,SC,29406,,32.920207,-80.0299843,843-735-5496,E,,Public,24 hours daily,A Cash D M V Wright_Exp,B20,,,,,,,,,200-8,32.9203439,-80.03019,10/6/2014,62389,2014-10-06 15:21:08 UTC,P,,,3/1/2014,,,,,
BD,Duggan's Petroleum,4435 S Santa Fe Dr,Englewood,CO,80110,,39.6360701,-105.0078774,303-781-0546,E,,Public - Credit card at all times,24 hours daily,A D M V,B20,,,,,,,,,200-8,39.635452,-105.00864,10/31/2013,33723,2014-10-06 17:31:40 UTC,P,,,1/15/2009,,,,,
BD,Taylor's Grocery,10005 Six Forks Rd,Raleigh,NC,27615,,35.915791,-78.650475,919-847-3069,E,,Public,6am-9pm daily,A Cash D M V Voyager Wright_Exp,B20,,,,,,,,,200-8,35.91579,-78.65047,7/2/2014,32599,2014-07-02 20:28:59 UTC,P,,,9/15/2007,,,,,
BD,Race In,1067 W Stuart Dr,Hillsville,VA,24343,,36.754571,-80.7457224,276-728-3939,E,,Public,"5:30am-11pm M-F, 6am-12am Sat-Sun",Cash A D M V Voyager Wright_Exp,B20 in summer,,,,,,,,,200-8,36.7550384,-80.7446436,11/30/2013,37114,2014-01-20 19:26:26 UTC,P,,,12/1/2010,,,,,
BD,Marathon Bio-Diesel Inc,2 Coco Plum Dr,Marathon,FL,33050,,24.734297,-81.013092,305-522-7655,E,,Public,24 hours daily; contact station for assistance if no attendant at pump,A Cash D M V,B100,,,,,,,,,200-8,24.734296,-81.013096,8/5/2014,47989,2014-08-05 17:40:59 UTC,P,,,6/3/2011,,,,,
BD,Marathon - Valley Mart #12,1006 Congress Pkwy N,Athens,TN,37303,,35.481258,-84.592339,423-744-0607,E,,Public,6am-10pm daily,A Checks Cash D FuelMan M V Voyager Wright_Exp,B20,,,,,,,,,200-8,35.4812579,-84.592335,8/5/2014,49539,2014-08-05 17:40:53 UTC,P,,,5/15/2012,,,,,
BD,Clean Energy Biofuels,250 Arizona Ave,Atlanta,GA,30307,,33.760265,-84.331757,678-318-1785,E,,Public - Credit card at all times,5am-11pm M-F,A D FuelMan M V Voyager Wright_Exp,"B100, B20",,,,,,,,,200-8,33.7602681,-84.3316517,10/6/2014,23449,2014-10-06 15:21:50 UTC,P,,,6/21/2012,,,,,
BD,Wacker's General Store,9050 M-52,Manchester,MI,48158,,42.1900622,-84.0323672,734-428-8366,E,,Public,7am-9pm daily,Cash D M V Voyager Wright_Exp,B20,,,,,,,,,200-8,42.1593691,-84.041193,5/2/2014,21447,2014-05-02 14:27:10 UTC,P,,,1/31/2002,,,,,
BD,Propel Fuels - 76,1002 N 1st St,San Jose,CA,95112,,37.35561,-121.904617,408-279-2270,E,,Public - Credit card at all times,24 hours daily; Also accept Propel CleanDrive fleet card,A D FuelMan M V Voyager Wright_Exp,B20,,,,,,,,,200-8,37.3552246,-121.9046796,9/5/2014,40580,2014-09-05 20:24:56 UTC,P,,,8/1/2011,,,,,
BD,Spinx #201,549 E Standing Springs Rd,Simpsonville,SC,29680,,34.7453108,-82.2916659,864-228-6506,E,,Public,24 hours daily,A Cash D FuelMan M V Wright_Exp,B20,,,,,,,,,200-8,34.751,-82.29015,10/6/2014,52193,2014-10-06 15:20:19 UTC,P,,,12/15/2005,,,,,
BD,Star Oilco - SeQuential Biofuels,8445 N Kerby Ave,Portland,OR,97217,,45.5841871,-122.6723897,503-283-1256,E,,Public - Card key at all times,24 hours daily; Commercial Fueling Network card required - contact station for arrangements,CFN,"B20, B5",,,,,,,,,200-8,45.5848306,-122.6723508,4/4/2014,35511,2014-04-04 18:55:04 UTC,P,,,4/15/2007,,,,,
BD,The Green Station - Santa Cruz,433 Ocean Ave,Santa Cruz,CA,95060,,36.9741592,-122.0191116,831-425-9100,E,,Public,"9am-6pm M-Sat, 10am-4pm Sun",A Checks Cash D M V,"B99, B95 in winter",,,,,,,,,200-8,36.9741713,-122.0190738,9/5/2014,44759,2014-09-05 20:33:23 UTC,P,,,4/15/2008,,,,,
BD,Issaquah Grange,145 NE Gilman Blvd,Issaquah,WA,98027,,47.535938,-122.034348,425-392-6469,E,,Public,"7am-6pm M-F, 8am-6pm Sat, 9am-5pm Sun",Cash M V Voyager Wright_Exp,B50,,,,,,,,,200-8,47.5359844,-122.034103,6/3/2014,27832,2014-06-03 03:42:33 UTC,P,,,5/15/2006,,,,,
BD,Capitol City Oil Inc,911 SE Adams Rd,Topeka,KS,66607,,39.0452194,-95.6686707,785-233-8008,E,,Public,7am-5pm M-F,A Checks Cash D M V,B100,,,,,,,,,200-8,39.045219,-95.668669,10/6/2014,30607,2014-10-06 15:18:14 UTC,P,,,11/15/2006,,,,,
BD,Dileo Auto Service,2233 W Main St,Jeffersonville,PA,19403,,40.137569,-75.383354,610-539-5308,E,,Public,"6:30am-9pm M-F, 6:30am-8pm Sat",A Cash D M V Voyager Wright_Exp,"B20 in summer, B5 in winter",,,,,,,,,200-8,40.137571,-75.383354,8/5/2014,33417,2014-08-05 17:55:43 UTC,P,,,4/15/2008,,,,,
BD,Maybee Marathon,7595 Blue Bush Rd,Maybee,MI,48159,,42.0032671,-83.513573,734-587-2282,E,,Public,"6am-9:45pm M-F, 7am-9:45pm Sat, 8am-8:45pm Sun",A Cash D M V Voyager Wright_Exp,B20,,,,,,,,,200-8,42.0034307,-83.5140712,5/2/2014,38048,2014-05-02 14:05:46 UTC,P,,,12/31/2008,,,,,
BD,Yocum Holiday #3838,2500 Orleans St,Stillwater,MN,55082,,45.0433846,-92.8386078,651-439-0345,E,,Public - Credit card after hours,"5am-11:30pm M-F, 6am-11:30pm Sat-Sun",A Cash D M V Voyager Wright_Exp,"B20 in summer, B5 in winter",,,,,,,,,200-8,45.0428452,-92.7981453,3/6/2014,60594,2014-03-06 18:10:40 UTC,P,,,1/1/2005,,,,,
BD,BP One Trip,1504 E Washington St,Washington,IA,52353,,41.298424,-91.674385,319-694-2200,E,,Public,5am-10pm daily,A Checks Cash D M V Voyager Wright_Exp,B20,,,,,,,,,200-8,41.2981822,-91.6741338,5/2/2014,61121,2014-05-02 14:31:03 UTC,P,,,4/15/2007,,,,,
BD,Zarco,900 S Iowa St,Lawrence,KS,66044,,38.966278,-95.261711,785-856-4580,E,,Public,"5:30am-10pm M-F, 7am-9pm Sat-Sun",A Cash D M V Voyager Wright_Exp,"B20, B10, B5, B2",,,,,,,,,200-8,38.967203,-95.259985,7/3/2014,42575,2014-07-03 13:21:25 UTC,P,,,12/15/2011,,,,,
BD,Laurelhurst Inc,4550 Union Bay Pl NE,Seattle,WA,98105,,47.6618618,-122.2932923,206-523-4501,E,,Public - Credit card at all times,24 hours daily; Also accept FleetWide card,A CFN D M V Voyager Wright_Exp,B99,,,,,,,,,200-8,47.6625671,-122.2940106,5/31/2013,27890,2014-06-27 19:43:10 UTC,P,,,4/15/2005,,,,,
BD,Propel Fuels - Shell,6819 E Carson St,Lakewood,CA,90713,,33.832569,-118.099251,562-421-4408,E,,Public,24 hours daily,A Cash D FuelMan M V Voyager Wright_Exp,B20,,,,,,,,,200-8,33.8327008,-118.0993094,5/2/2014,61252,2014-05-02 14:19:41 UTC,P,,,4/30/2014,,,,,
BD,Propel Fuels - Shell,8090 Folsom Blvd,Sacramento,CA,95826,,38.5494778,-121.4095312,916-381-0606,E,,Public - Credit card at all times,24 hours daily; Also accept Propel CleanDrive fleet card,A D FuelMan M V Voyager Wright_Exp,B20,,,,,,,,,200-8,38.5492094,-121.4094693,9/5/2014,39635,2014-09-05 20:25:38 UTC,P,,,6/1/2011,,,,,
BD,Rotten Robbie #40,2515 Guerneville Rd,Santa Rosa,CA,95401,,38.452888,-122.77005,707-526-2891,E,,Public,"5am-12:30am M-F, 6am-12:30am Sat-Sun",A Cash D M V Voyager Wright_Exp,B20,,,,,,,,,200-8,38.4530338,-122.7701502,9/5/2014,33114,2014-09-05 20:33:08 UTC,P,,,6/15/2008,,,,,
BD,BioFuel Oasis,14 Greenfield Ave,San Anselmo,CA,94960,,37.976143,-122.560936,510-665-5509,E,,Public - Card key at all times,7am-7pm daily; visit biofueloasis.com to arrange for required access card,,"B99, B95 in winter",,,,,,,,,200-8,37.9761891,-122.5609765,9/5/2014,47261,2014-09-05 20:32:39 UTC,P,,,2/15/2010,,,,,
BD,Warner Oil - Pacific Pride,6651 S Edon Rd,Reading,MI,49274,,41.830166,-84.74752,517-283-2300,E,,Public - Card key at all times,24 hours daily; Pacific Pride card required,,"B20 in summer, B5 in winter",,,,,,,,,200-8,41.8288548,-84.7477967,5/2/2014,49534,2014-05-02 14:10:38 UTC,P,,,5/15/2012,,,,,
BD,Spinx #233,215 S Pine St,Spartanburg,SC,29302,,34.950172,-81.917336,864-573-6442,E,,Public,24 hours daily,A Cash D M V Voyager Wright_Exp,B20,,,,,,,,,200-8,34.9501739,-81.917306,10/6/2014,32706,2014-10-06 15:20:15 UTC,P,,,1/15/2008,,,,,
BD,Energy Plus 24 - North Central Co-op,1820 Touby Pike,Kokomo,IN,46901,,40.5034489,-86.1030366,800-992-3495,E,,Public - Credit card at all times,24 hours daily; Also accept company card - contact station for details,A D M V Wright_Exp,"B20, B5",,,,,,,,,200-8,40.5037874,-86.1030642,7/3/2014,31837,2014-07-03 13:19:10 UTC,P,,,5/15/2007,,,,,
BD,Godar's Garage,1000 Willbea Rd,Durham,NC,27705,,35.9983161,-79.0426632,919-957-1500,E,,Public - Call ahead,Contact station to arrange for access between 9am-7pm M-Sat,Checks Cash,"B100, B80",,,,,,,,,GPS,35.998211,-79.043433,7/3/2014,32708,2014-07-03 13:21:56 UTC,P,,,10/15/2005,,,,,
BD,Haines Road Service Station,9 Haines Rd,Bedford Hills,NY,10507,,41.238449,-73.701401,914-666-0794,E,,Public,6:30am-10pm daily,A Cash D M V Voyager Wright_Exp,B20,,,,,,,,,200-8,41.2384481,-73.701402,4/4/2014,35776,2014-04-04 19:20:42 UTC,P,,,3/17/2009,,,,,
BD,Kent's Korner #7,300 A East Main St,Ridge Spring,SC,29129,,33.8460124,-81.6548753,803-685-7880,E,,Public,6am-11pm daily,A Checks Cash D M V Voyager Wright_Exp,B20,,,,,,,,,200-8,33.8462559,-81.6522453,6/3/2014,40623,2014-06-03 03:51:35 UTC,P,,,9/30/2010,,,,,
BD,Henry's Travel Plaza,1935 Old Edisto Dr,Orangeburg,SC,29115,,33.481647,-80.8837154,803-534-5877,E,,Public,"24 hours daily; Also accept Fleet One, T-Chek, and Comdata cards",A Cash D FuelMan M V Voyager Wright_Exp,B20,,,,,,,,,200-8,33.4816571,-80.8831501,6/3/2014,32767,2014-06-03 03:50:47 UTC,P,,,4/15/2008,,,,,
BD,Baum Boulevard Automotive,4741 Baum Blvd,Pittsburgh,PA,15213,,40.454506,-79.948822,412-682-1866,E,,Public,8am-4:30pm M-F,A Cash D M V,B100,,,,,,,,,200-8,40.454497,-79.948824,8/5/2014,36704,2014-08-05 17:39:13 UTC,P,,,10/15/2010,,,,,
BD,BP,3550 Enterprise Ave,Columbus,OH,43228,,39.9694607,-83.0980345,614-276-6984,E,,Public - Credit card at all times,24 hours daily,A D M V Voyager Wright_Exp,"B20, B10, B5",,,,,,,,,200-8,39.9695104,-83.098324,7/3/2014,37113,2014-07-03 13:17:15 UTC,P,,,6/10/2010,,,,,
BD,Gas-Up,405 Haywood Rd,Asheville,NC,28806,,35.578094,-82.580093,828-252-5589,E,,Public,7:30am-10:30pm daily,A Cash D M V Voyager,"B99 in summer, B20 in winter",,,,,,,,,200-8,35.578103,-82.580024,7/3/2014,27568,2014-07-03 13:21:55 UTC,P,,,7/15/2005,,,,,
BD,Piedmont Biofuels Industrial,220 Lorax Ln,Pittsboro,NC,27312,,35.710045,-79.156685,919-321-8260,E,,Public - Call ahead,8am-5pm M-F; also accept station card - contact station for arrangements,Checks Cash,B100,,,,,,,,,200-8,35.710046,-79.156684,7/2/2014,27883,2014-07-02 20:32:47 UTC,P,,,9/15/2005,,,,,
BD,MAPCO Mart #3402,4711 Andrew Jackson Pkwy, Nashville,TN,37076,,36.2159117,-86.5976179,615-889-3573,E,,Public,24 hours daily,A Cash D M V Voyager,B20,,,,,,,,,200-8,36.2160249,-86.5976406,8/5/2014,52986,2014-08-05 17:43:57 UTC,P,,,1/1/2013,,,,,
BD,Tyree Oil - SeQuential Biofuels,1355 W 1st Ave,Eugene,OR,97402,,44.059093,-123.113602,541-687-0076,E,,Public - Card key at all times,24 hours daily; cardlock application available at www.sqbiofuels.com,CFN,"B99, B20, B5",,,,,,,,,200-8,44.0589222,-123.1124627,3/6/2014,43620,2014-03-06 18:14:06 UTC,P,,,4/15/2006,,,,,
BD,Green Spot Market & Fuels,702 N Buckner Rd,Dallas,TX,75218,,32.8459549,-96.7111511,214-319-7768,E,,Public,"6:30am-9pm M-F, 7am-9pm Sat, 8am-8pm Sun",Cash Checks A D M V Voyager Wright_Exp,B99,,,,,,,,,200-8,32.8459729,-96.7120755,5/31/2013,33260,2014-01-20 18:41:25 UTC,P,,,3/15/2008,,,,,
BD,Texas Biotech Inc,614 111th St,Arlington,TX,76011,,32.7494435,-97.0493851,817-633-3139,E,,Public,"7am-5pm M-F, 10am-3pm Sat",Cash D M V,B99.9,,,,,,,,,200-8,32.750942,-97.0493338,12/31/2013,38595,2014-01-20 18:59:44 UTC,P,,,12/31/2009,,,,,
BD,Zoomerz #59 - Exxon,905 Cosby Hwy,Newport,TN,37821,,35.949902,-83.202629,423-623-4724,E,,Public,24 hours daily; Also accept Fleet One,A Cash D M V Voyager Wright_Exp,B20,,,,,,,,,200-8,35.949902,-83.202626,8/5/2014,35050,2014-08-05 17:44:43 UTC,P,,,8/15/2009,,,,,
BD,Propel Fuels - 76,102 E Huntington Dr,Arcadia,CA,91006,,34.139767,-118.027931,626-446-7423,E,,Public,24 hours daily; Also accept Propel CleanDrive fleet card,A CFN Cash D M V Voyager Wright_Exp,B20,,,,,,,,,200-8,34.1396291,-118.027917,9/5/2014,50631,2014-09-05 20:25:13 UTC,P,,,3/15/2011,,,,,
BD,Anew Travel Center,41501 Harvest Dr,Cambridge,NE,69022,,40.2820091,-100.1654129,308-697-3060,E,,Public,24 hours daily,A Checks Cash D FuelMan M V Voyager Wright_Exp,"B20, B10, B5",,,,,,,,,GPS,40.385003,-100.215225,3/6/2014,60485,2014-03-06 17:52:55 UTC,P,,,1/15/2014,,,,,
BD,Pacific Pride,2701 W Buckeye,Phoenix,AZ,85009,,33.4365387,-112.117691,602-252-4011,E,,Public - Card key at all times,24 hours daily; Also accept Pacific Pride card,Wright_Exp,"B99, B20",,,,,,,,,200-8,33.4365636,-112.1176314,10/6/2014,34311,2014-10-06 15:21:43 UTC,P,,,5/15/2009,,,,,
BD,Valero,1303 N Main St,Marion,OH,43302,,40.61335,-83.131393,740-223-7667,E,,Public,6am-10pm daily,A Cash D M V Voyager Wright_Exp,"B20, B10, B5",,,,,,,,,200-8,40.6133529,-83.131304,10/6/2014,32663,2014-10-06 15:13:47 UTC,P,,,8/15/2004,,,,,
BD,Burke Oil - Irving Gas Station,410 Beacham St,Chelsea,MA,2150,,42.394135,-71.046814,617-889-6711,E,,Public,24 hours daily; Also accept Irving Commercial and Comdata cards,A CFN Cash D FuelMan M V Voyager Wright_Exp,"B20 in summer, B5",,,,,,,,,200-8,42.394135,-71.0468099,7/3/2014,24278,2014-07-03 13:21:37 UTC,P,,,7/15/2002,,,,,
BD,Catamount Pump & Go,21 Steeple Rd,Sylva,NC,28779,,35.3921154,-83.1873695,828-586-0017,E,,Public,"6am-9:30pm M-Th, 6am-10pm Sat, 7am-9:30pm Sun",A Cash D M V Voyager Wright_Exp,"B99 in summer, B50 in winter, B20",,,,,,,,,200-8,35.3934027,-83.1879656,7/3/2014,35343,2014-07-03 13:21:51 UTC,P,,,1/15/2010,,,,,
BD,CFN - Baird Oil,3712 Chinden Blvd,Garden City,ID,83714,,43.62527,-116.2429027,208-375-7767,E,,Public - Card key at all times,24 hours daily; CFN card required,CFN,B20,,,,,,,,,200-8,43.6252853,-116.2427702,5/2/2014,32216,2014-05-02 14:27:07 UTC,P,,,6/15/2007,,,,,
BD,Propel Fuels - 76,849 University Ave,Berkeley,CA,94710,,37.868412,-122.296974,510-841-9099,E,,Public - Credit card at all times,24 hours daily; Also accept Propel CleanDrive fleet card,A D FuelMan M V Voyager Wright_Exp,B20,,,,,,,,,200-8,37.8684129,-122.296973,9/5/2014,40581,2014-09-05 20:24:42 UTC,P,,,8/1/2011,,,,,
BD,S&H Fuels LLC,10533 N Lombard St,Portland,OR,97203,,45.603039,-122.762939,503-638-4042,E,,Public - Card key at all times,24 hours daily; Commercial Fueling Network card required,CFN,"B20, B5",,,,,,,,,200-8,45.6028738,-122.7627035,4/4/2014,30667,2014-04-04 19:06:28 UTC,P,,,1/20/2010,,,,,
BD,Western States Petroleum,450 S 15th Ave,Phoenix,AZ,85007,,33.443111,-112.093407,602-252-4011,E,,Public - Credit card after hours,6am-4pm M-F,A Cash D M V,"B99, B20",,,,,,,,,200-8,33.443031,-112.092783,9/5/2014,25902,2014-09-05 20:30:30 UTC,P,,,1/15/2003,,,,,
BD,Maine Standard Biofuel,51 Ingersoll Dr,Portland,ME,4103,,43.6906193,-70.3275733,207-878-3001  207-221-6180,E,,Public,10am-6pm daily,A Checks Cash D M V,B99,,,,,,,,,200-8,43.6906762,-70.3274912,9/5/2014,35010,2014-09-05 19:27:57 UTC,P,,,9/1/2009,,,,,
BD,Merriweather Post Pavilion - Baltimore Biodiesel Co-op,10475 Little Patuxent Pkwy,Columbia,MD,21044,,39.209286,-76.862389,443-838-1826,E,,Public,24 hours daily,A Cash D M V,B20,,,,,,,,,200-8,39.2087707,-76.8627794,10/31/2013,53252,2014-10-13 14:44:49 UTC,P,,,1/15/2010,,,,,
BD,Wayland BP,213 W Highway 78,Wayland,IA,52654,,41.150269,-91.662384,319-694-2200,E,,Public,5am-10pm daily,A Checks Cash D M V Voyager Wright_Exp,B20,,,,,,,,,200-8,41.1503189,-91.6563707,5/2/2014,61124,2014-05-02 14:15:20 UTC,P,,,12/1/2013,,,,,
BD,Spinx #102,1417 E Washington St,Greenville,SC,29607,,34.851097,-82.37973,864-255-5685,E,,Public,24 hours daily,A Cash D M V,B20,,,,,,,,,200-8,34.851043,-82.379665,10/6/2014,52173,2014-10-06 15:19:41 UTC,P,,,4/15/2000,,,,,
BD,Pacific Biodiesel Inc,40 Hobron Ave,Kahului,HI,96732,,20.89254,-156.461365,808-877-3144,E,,Public,7:30am-5:30pm M-F,A Cash D M V,"B100, B20",,,,,,,,,200-8,20.8923415,-156.4613656,5/2/2014,20866,2014-05-02 14:27:05 UTC,P,,,6/15/1998,,,,,
BD,Propel Fuels - 7-Eleven,3500 SW Barton St,Seattle,WA,98126,,47.5211162,-122.3769524,206-932-4431,E,,Public - Credit card at all times,24 hours daily; Also accept Propel CleanDrive fleet card,A D FuelMan M V Voyager Wright_Exp,"B99, B50 in winter, B20",,,,,,,,,200-8,47.5210789,-122.376762,9/5/2014,33043,2014-09-05 19:49:59 UTC,P,,,5/15/2008,,,,,
BD,EcoWise - Diesel Green Fuels,110 W Elizabeth St,Austin,TX,78704,,30.249376,-97.750694,512-326-4474,E,,Public,"9am-7pm M-F, 10am-6pm Sat, 12pm-5pm Sun; discount offered if paying with cash",Cash A D M V,B99,,,,,,,,,200-8,30.249376,-97.750696,11/30/2013,28196,2014-01-20 18:35:54 UTC,P,,,1/15/1997,,,,,
BD,Arco,702 Lincoln Way,Galt,CA,95632,,38.268277,-121.3026714,209-745-4974,E,,Public,24 hours daily,A Checks Cash D M V Voyager,B20,,,,,,,,,200-8,38.2476334,-121.2979047,9/5/2014,52680,2014-09-05 20:24:23 UTC,P,,,4/1/2009,,,,,
BD,Marathon,312 E Lincoln Rd,Alcoa,TN,37701,,35.769642,-83.967186,865-983-7719,E,,Public,6am-10pm daily,A Cash D M V Voyager Wright_Exp,B20,,,,,,,,,200-8,35.769638,-83.967185,8/5/2014,25670,2014-08-05 17:44:00 UTC,P,,,8/15/2004,,,,,
BD,SeQuential Biofuels,1695 W 18th Ave,Eugene,OR,97402,,44.040691,-123.117371,541-515-6078,E,,Public,"6am-9pm M-F, 7am-9pm Sat, 8am-9pm Sun",A Cash D M V,"B99, B5",,,,,,,,,200-8,44.040693,-123.117367,4/4/2014,27822,2014-04-04 19:06:29 UTC,P,,,12/31/2011,,,,,
BD,Cape Cod Biofuels Inc,14B Jan Sebastian Dr,Sandwich,MA,2563,,41.717514,-70.484375,508-833-8666,E,,Public,"6am-6pm M-F, 6am-12pm Sat-Sun",Checks Cash D M V,"B99, B50, B20, B5",,,,,,,,,200-8,41.717515,-70.484379,5/2/2014,61390,2014-05-02 14:10:03 UTC,P,,,4/21/2014,,,,,
BD,Bursaw Gas and Oil,94 Great Rd,Acton,MA,1720,,42.477051,-71.412247,978-486-3666,E,,Public,"6am-8pm M-F, 6:30am-5pm Sat",Cash,B100 in summer,,,,,,,,,200-8,42.47705,-71.412246,7/7/2014,29766,2014-07-07 15:01:24 UTC,P,,,8/15/2006,,,,,
BD,Propel Fuels - Bonita Point Union 76,1495 East H St,Chula Vista,CA,91910,,32.644836,-116.999962,619-421-7600,E,,Public,24 hours daily; Also accept Propel CleanDrive fleet card,A Cash D FuelMan M V Voyager Wright_Exp,B20,,,,,,,,,200-8,32.6448712,-116.9997754,9/5/2014,50632,2014-09-05 20:25:00 UTC,P,,,3/15/2011,,,,,
BD,Story Distributing Co - CFN Station,163 Thunder Rd,Belgrade,MT,59714,,45.763443,-111.188286,406-587-0702,E,,Public - Credit card at all times,24 hours daily,CFN M V Wright_Exp,"B20 in summer, B5 in winter",,,,,,,,,200-8,45.763444,-111.188287,8/5/2014,28631,2014-08-05 17:57:45 UTC,P,,,2/15/2006,,,,,
BD,76 Station - Niu Valley 7-Eleven,565 Halemaumau St,Honolulu,HI,96821,,21.2826481,-157.7352142,808-373-7112,E,,Public,24 hours daily,A Cash D M V,B20,,,,,,,,,200-8,21.282649,-157.735212,5/2/2014,31948,2014-05-02 14:03:35 UTC,P,,,11/15/2006,,,,,
BD,76th Street Truck Stop - J&H Family Stores,460 76th St SW,Byron Center,MI,49315,,42.8262895,-85.6745853,616-455-3600,E,,Public,24 hours daily; Also accept Comdata cards,A Cash D FuelMan M V Voyager Wright_Exp,B20,,,,,,,,,GPS,42.825953,-85.674869,5/2/2014,51032,2014-05-02 14:27:09 UTC,P,,,6/15/2005,,,,,
BD,Reba & Rose's,112 Baldwin Rd,Hillsborough,NC,27278,,36.088732,-79.064265,919-957-1500,E,,Public - Call ahead,Contact station to arrange for access between 9am-7pm M-Sat,Checks Cash,"B100, B80",,,,,,,,,200-8,36.088342,-79.065668,7/3/2014,28970,2014-07-03 13:21:56 UTC,P,,,10/15/2005,,,,,
BD,Emergent Green Energy,450 County Rd C,Minneola,KS,67865,,37.4443406,-100.0429858,620-450-4320,E,,Public,8am-5pm M-Sat,A Cash D M V,"B99 in summer, B50 in winter",,,,,,,,,200-6,37.3995984,-99.9975215,10/6/2014,63289,2014-10-06 15:18:23 UTC,P,,,2/1/2009,,,,,
BD,Quickway Market,690 E Butler Market Rd,Bend,OR,97701,,44.076561,-121.295685,541-383-2288,E,,Public,24 hours daily,A Cash D M V Voyager Wright_Exp,"B99 in summer, B20",,,,,,,,,200-8,44.0766433,-121.2957029,3/6/2014,40621,2014-03-06 18:08:02 UTC,P,,,7/1/2011,,,,,
BD,Denver Biodiesel Co-op,5380 Franklin St,Denver,CO,80216,,39.7946806,-104.9686877,303-256-8494,E,,Public - Credit card at all times,24 hours daily; co-op membership required,A D M V,"B100, all blends from B100 to B51 available",,,,,,,,,200-8,39.7953968,-104.9687247,11/30/2013,47988,2014-10-13 14:35:14 UTC,P,,,5/21/2003,,,,,
BD,Paia Chevron,99 Hana Hwy,Paia,HI,96779,,20.916059,-156.381714,808-579-9440,E,,Public,6am-10pm daily,A Cash D M V,B20,,,,,,,,,200-8,20.9160688,-156.3816322,5/2/2014,30605,2014-05-02 14:27:06 UTC,P,,,6/15/2003,,,,,
BD,Pilot Travel Center #409,2320 Highway 46 S,Dickson,TN,37055,,36.022511,-87.341591,615-446-4600,E,,Public,24 hours daily,A Cash D FuelMan M V Voyager Wright_Exp,B20,,,,,,,,,200-8,36.0226364,-87.3412201,8/5/2014,35417,2014-08-05 17:48:04 UTC,P,,,2/22/2010,,,,,
BD,Rotten Robbie #60,55 E Todd Rd,Santa Rosa,CA,95407,,38.38744,-122.715408,707-584-9610,E,,Public,24 hours daily,A Cash D M V Voyager Wright_Exp,B20,,,,,,,,,200-8,38.3873999,-122.7153066,9/5/2014,33115,2014-09-05 20:33:14 UTC,P,,,6/15/2008,,,,,
BD,Sparky's Marketplace,106 Regents Center Ct,Lexington,NC,27295,,35.8000157,-80.2983856,336-242-2729,E,,Public,"6am-10pm Sun-Th, 6am-11pm F-Sat",A Cash D M V Voyager Wright_Exp,"B20, B5",,,,,,,,,GPS,35.7988316,-80.2970692,7/3/2014,41664,2014-07-03 13:21:42 UTC,P,,,7/15/2011,,,,,
BD,Team Petroleum,105 E Lincoln,Fort Collins,CO,80524,,40.587822,-105.0673141,970-482-2533,E,,Public - Credit card after hours,7am-5pm M-F,Cash M V,B20,,,,,,,,,200-8,40.5885059,-105.067349,10/31/2013,32493,2014-10-06 17:37:15 UTC,P,,,8/15/2007,,,,,
BD,Chevron ExtraMile - Beaverton,14470 SW Allen Blvd,Beaverton,OR,97005,,45.4764153,-122.8258248,503-646-9164,E,,Public,24 hours daily,A Cash D M V Voyager Wright_Exp,B20,,,,,,,,,200-8,45.4760149,-122.82541,9/5/2014,63025,2014-09-05 19:26:50 UTC,P,,,8/1/2014,,,,,
BD,Nambe Falls Travel Center,17730 US 285,Santa Fe,NM,87506,,35.9312096,-106.0179825,505-455-5525,E,,Public,"5:30am-10pm Sun-Th, 5:30am-11pm F-Sat",A Cash D FuelMan GasCard M V Voyager Wright_Exp,B20,,,,,,,,,GPS,35.853453,-105.996603,10/6/2014,33080,2014-10-06 15:22:03 UTC,P,,,4/26/2008,,,,,
BD,AG Plus,1105 Production Rd,Fort Wayne,IN,46808,,41.120941,-85.157455,260-471-4017,E,,Public - Credit card at all times,24 hours daily,A CFN D M V Wright_Exp,"B20, B5",,,,,,,,,200-8,41.12094,-85.157454,7/3/2014,38482,2014-07-03 13:21:43 UTC,P,,,3/31/2006,,,,,
BD,Propel Fuels - Chevron,735 W Capitol Expy,San Jose,CA,95136,,37.2750523,-121.8665535,408-979-7811 x10,E,,Public - Credit card at all times,24 hours daily; Also accept Propel CleanDrive fleet card,A D FuelMan M V Voyager Wright_Exp,B20,,,,,,,,,200-8,37.27504,-121.8664816,9/5/2014,50638,2014-09-05 20:25:16 UTC,P,,,8/2/2010,,,,,
BD,Bellingham Shell,4240 Meridian St,Bellingham,WA,98226,,48.794868,-122.485352,360-734-9588,E,,Public,"7am-10pm M-Sat, 8am-9pm Sun",A Cash D FuelMan GasCard M V Voyager Wright_Exp,B75,,,,,,,,,200-8,48.794868,-122.485355,5/31/2013,48483,2014-06-27 19:31:37 UTC,P,,,4/15/2010,,,,,
BD,Midlands Biofuels,310 S Congress St,Winnsboro,SC,29180,,34.376526,-81.084717,803-718-6323,E,,Public,9am-4pm M-F,A Checks Cash D M V,"B99 in summer, B40, B20",,,,,,,,,200-8,34.376525,-81.08472,6/3/2014,50034,2014-06-03 03:40:25 UTC,P,,,12/15/2010,,,,,
BD,Propel Fuels - Chevron,350 Grand Ave,Oakland,CA,94610,,37.809238,-122.255669,510-835-2530,E,,Public - Credit card at all times,24 hours daily; Also accept Propel CleanDrive fleet card,A D FuelMan M V Voyager Wright_Exp,B20,,,,,,,,,200-8,37.809238,-122.255662,9/5/2014,50031,2014-09-05 20:25:10 UTC,P,,,8/16/2010,,,,,
BD,Dal Soglio Sinclair,7398 S 700 W,Midvale,UT,84047,,40.6160206,-111.91072,801-255-9221,E,,Public - Credit card after hours,"5am-7pm M-Sat; B100 available only during store hours in summer, B20 available at all times with credit card",A Cash D M V Wright_Exp,"B100 in summer, B20",,,,,,,,,200-8,40.6165688,-111.9116209,9/5/2014,25789,2014-09-05 20:33:47 UTC,P,,,6/15/2006,,,,,
BD,Downs Energy,1296 Magnolia Ave,Corona,CA,92879,,33.866478,-117.539116,951-737-9866,E,,Public - Card key at all times,8am-5pm daily; contact station for required Downs Energy fuel card,A CFN Checks Cash D M V,"B99, B20",,,,,,,,,200-8,33.8671015,-117.5391637,7/3/2014,33887,2014-07-03 13:23:07 UTC,P,,,3/15/2009,,,,,
BD,Propel Fuels - Shell,1124 E Chapman Ave,Fullerton,CA,92831,,33.873821,-117.907394,714-447-3500,E,,Public,24 hours daily; Also accept Propel CleanDrive fleet card,A Cash D FuelMan M V Voyager Wright_Exp,B20,,,,,,,,,200-8,33.8737267,-117.9074253,9/5/2014,47260,2014-09-05 20:24:32 UTC,P,,,5/18/2012,,,,,
BD,JL Mini-Mart,6021 NE Portland Hwy,Portland,OR,97218,,45.567291,-122.600319,503-280-1188,E,,Public,"6am-7:30pm M-F, 8am-7pm Sat",Cash M V,"B99 in summer, B50 in winter",,,,,,,,,200-8,45.5673691,-122.6004444,3/6/2014,35427,2014-03-06 18:13:57 UTC,P,,,11/15/2006,,,,,
BD,Big Island Biodiesel - Keaau,16-240 Mikahala St,Keaau,HI,96749,,19.632927,-155.05368,808-494-9366,E,,Public,"9am-2pm M, W, F",A Checks Cash D M V,B99.9,,,,,,,,,200-8,19.632927,-155.053685,5/2/2014,51592,2014-05-02 14:13:29 UTC,P,,,1/15/2013,,,,,
BD,Redwood Oil Co - Sebastopol Chevron,5640 Sebastopol Rd,Sebastopol,CA,95472,,38.4050484,-122.8128281,707-829-9293,E,,Public,"6am-10pm M-Sat, 7am-9pm Sun",A Cash D M V Voyager Wright_Exp,B99,,,,,,,,,GPS,38.40472,-122.813,9/5/2014,31826,2014-09-05 20:33:05 UTC,P,,,5/15/2007,,,,,
BD,Jubitz Travel Center - Pacific Pride,10210 N Vancouver Way,Portland,OR,97217,,45.597797,-122.667847,503-283-1111,E,,Public,24 hours daily; Also accept Pacific Pride card,A Cash D M V,"B20, B5",,,,,,,,,200-8,45.5965692,-122.6686029,4/4/2014,35510,2014-04-04 19:06:24 UTC,P,,,5/15/2007,,,,,
BD,Petro Serve USA - Farmers Union Oil Co,413 Main Ave,West Fargo,ND,58078,,46.8760757,-96.8931274,701-282-3201,E,,Public - Credit card after hours,"6am-6pm M-F, 6:30am-1pm Sat",A Cash D M V Voyager Wright_Exp,"B20, B10, B5, B2",,,,,,,,,200-8,46.87608,-96.893128,9/5/2014,50033,2014-09-05 20:33:34 UTC,P,,,1/15/2010,,,,,
BD,Propel Fuels - Shell,151 Main St,Placerville,CA,95667,,38.727661,-120.804443,530-622-3113,E,,Public,24 hours daily; Also accept Propel CleanDrive fleet card,A Cash D FuelMan M V Voyager Wright_Exp,B20,,,,,,,,,200-8,38.7276478,-120.8045424,9/5/2014,41633,2014-09-05 20:25:31 UTC,P,,,10/31/2010,,,,,
BD,Minit Stop - Lahaina,10 Kupuohi St,Lahaina,HI,96761,,20.8851242,-156.6787415,808-270-2870,E,,Public,4am-11pm daily,A Cash D FuelMan GasCard M V Voyager Wright_Exp,"B100, B20",,,,,,,,,200-8,20.885131,-156.678728,5/2/2014,53251,2014-05-02 14:27:03 UTC,P,,,10/15/2013,,,,,
BD,Propel Fuels - Shell,12042 E Firestone Blvd,Norwalk,CA,90650,,33.90934,-118.076164,562-863-7786,E,,Public,24 hours daily; Also accept Propel CleanDrive fleet card,A Cash D FuelMan M V Voyager Wright_Exp,B20,,,,,,,,,200-8,33.9092939,-118.0762113,9/5/2014,50636,2014-09-05 20:24:44 UTC,P,,,6/30/2011,,,,,
BD,Propel Fuels - Chevron,1250 Sepulveda Blvd,Harbor City,CA,90710,,33.812607,-118.297813,310-325-3101,E,,Public,24 hours daily; Also accept Propel CleanDrive fleet card,A Cash D FuelMan M V Voyager Wright_Exp,B20,,,,,,,,,200-8,33.8124673,-118.2979059,9/5/2014,50635,2014-09-05 20:25:03 UTC,P,,,5/15/2011,,,,,
BD,Spinx #175,1504 Boiling Springs Rd,Spartanburg,SC,29303,,34.9976616,-81.9471664,864-814-0449,E,,Public,24 hours daily,A Cash D M V,B20,,,,,,,,,200-8,35.0081567,-81.9523758,10/6/2014,52194,2014-10-06 15:20:19 UTC,P,,,9/15/2011,,,,,
BD,Fleet Master,9 Hylestead St,Providence,RI,2905,,41.7997196,-71.4039559,401-467-8773,E,,Public - Credit card at all times,24 hours daily; also accept Comdata cards,D M V FuelMan Wright_Exp CFN,"B20 in summer, B10 in winter",,,,,,,,,200-8,41.799627,-71.40412,11/30/2013,33418,2014-01-20 19:17:08 UTC,P,,,9/15/2008,,,,,
BD,Dogpatch Biofuels,765 Pennsylvania Ave,San Francisco,CA,94107,,37.756405,-122.392746,415-282-1506,E,,Public - Card key after hours,11am-7pm T-Sat; contact station to enroll in 24 hour access with card key program,Checks Cash M V,B99.9,,,,,,,,,200-8,37.7564739,-122.3927954,9/5/2014,33915,2014-09-05 19:55:36 UTC,P,,,3/15/2009,,,,,
BD,Daily's #7123,7112 Moores Ln,Brentwood,TN,37027,,35.967518,-86.81295,615-221-8767,E,,Public,24 hours daily,A Cash D M V Voyager,B20,,,,,,,,,200-8,35.967517,-86.812949,8/5/2014,29963,2014-08-05 17:41:02 UTC,P,,,8/1/2006,,,,,
BD,BiofuelsUSA,418 Boonslick Rd,New Florence,MO,63363,,38.9011429,-91.4589266,573-835-4663,E,,Public - Credit card at all times,"24 hours daily; Also accept Fleet One, BiofuelsUSA Fleet, and Comdata cards",A D M V Voyager Wright_Exp,"B99 in summer, B50 in winter, B20",,,,,,,,,GPS,38.90155,-91.458911,6/3/2014,39394,2014-06-03 03:40:21 UTC,P,,,6/1/2011,,,,,
BD,Staples Oil Expressway,261 10th St,Heron Lake,MN,56137,,43.7945314,-95.3195856,507-793-7400,E,,Public - Credit card after hours,6am-11pm daily,A Checks Cash D FuelMan GasCard M V Voyager Wright_Exp,"B50, B30, B20, B5",,,,,,,,,200-8,43.7944954,-95.3196361,3/6/2014,50642,2014-03-06 18:10:34 UTC,P,,,12/31/2012,,,,,
BD,A&M Oil Co,1088 Bloomfield Rd,Taylorsville,KY,40071,,38.0178686,-85.3385105,502-477-8140,E,,Public,7am-8pm M-Sat; Also accept Comdata cards,A Cash D FuelMan M V Voyager Wright_Exp,B20,,,,,,,,,200-8,38.0266596,-85.3432737,7/7/2014,47976,2014-07-07 14:46:29 UTC,P,,,1/15/2002,,,,,
BD,Eblen Short Stop #2,217 Amboy Rd,Asheville,NC,28806,,35.567036,-82.573196,828-252-6624,E,,Public,"6am-11pm M-Sat, 7am-10pm Sun",A Cash D M V Voyager Wright_Exp,B20,,,,,,,,,200-8,35.567168,-82.573132,7/3/2014,35344,2014-07-03 13:21:53 UTC,P,,,1/15/2010,,,,,
BD,Star Oilco - SeQuential Biofuels,2528 SE Holgate Blvd,Portland,OR,97202,,45.490028,-122.639885,503-283-1256,E,,Public - Card key at all times,24 hours daily; Commercial Fueling Network card required - contact station for arrangements,CFN,"B20, B5",,,,,,,,,200-8,45.4900198,-122.6399603,4/4/2014,31824,2014-04-04 19:20:47 UTC,P,,,3/15/2004,,,,,
BD,Houston Biodiesel,1138 W 20th St,Houston,TX,77008,,29.803429,-95.419632,713-222-0832,E,,Public,"10am-3pm M-W, 10am-7pm Th-F",Cash A D M V,B100,,,,,,,,,200-8,29.803429,-95.41963,11/30/2013,30422,2014-01-20 18:59:49 UTC,P,,,6/15/2006,,,,,
BD,Star Oilco - SeQuential Biofuels,8185 SW Hunziker Rd,Tigard,OR,97223,,45.429253,-122.760399,800-532-9620,E,,Public - Card key at all times,24 hours daily; contact station to arrange for card key,,"B20, B5",,,,,,,,,200-8,45.4292877,-122.7601287,3/6/2014,30816,2014-03-06 18:13:46 UTC,P,,,11/15/2006,,,,,
BD,Zoomerz #65,2306 Sullivan Gardens Pkwy,Kingsport,TN,37660,,36.4992381,-82.5666171,423-349-8700,E,,Public,24 hours daily,A Checks Cash D M V Voyager Wright_Exp,B20,,,,,,,,,GPS,36.49967,-82.56747,7/31/2013,35049,2014-08-01 20:31:11 UTC,P,,,10/15/2008,,,,,
BD,Hoyt Oil & Convenience Sinclair,241 6th St,Walnut Grove,MN,56180,,44.2253586,-95.4697269,507-859-2552,E,,Public,"6:30am-10pm M-F, 7am-10pm Sat, 8am-10pm Sun; closes at 9pm daily in winter",A Checks Cash D M V Voyager Wright_Exp,"B100, B5",,,,,,,,,200-8,44.2252779,-95.4696742,10/6/2014,40174,2014-10-06 15:13:49 UTC,P,,,6/1/2011,,,,,
BD,Propel Clean Mobility Center,4994 E Ashlan Ave,Fresno,CA,93726,,36.7940296,-119.7277332,559-292-2238,E,,Public,24 hours daily; Also accept Propel CleanDrive fleet card,A Cash D FuelMan M V Voyager Wright_Exp,B20,,,,,,,,,200-8,36.7940663,-119.7279364,9/5/2014,51591,2014-09-05 20:24:30 UTC,P,,,3/15/2013,,,,,
BD,Crown Express Mart - New Bern Station,1210 New Bern Ave,Raleigh,NC,27610,,35.77951,-78.621117,919-828-5293,E,,Public,"6:30am-10pm M-Sat, 9am-7pm Sun",A CFN Cash D FuelMan M V Voyager Wright_Exp,B20,,,,,,,,,GPS,35.779509,-78.621114,4/4/2014,42086,2014-04-04 19:09:42 UTC,P,,,11/11/2011,,,,,
BD,Petersen Oil & Propane,6360 M-91,Greenville,MI,48838,,43.2010505,-85.2529681,616-754-3254,E,,Public - Card key after hours,6am-10pm daily; contact station to arrange for card key,A Cash D M V Voyager,B20,,,,,,,,,GPS,43.2011994,-85.2528818,5/2/2014,27965,2014-05-02 14:27:11 UTC,P,,,9/15/2005,,,,,
BD,Renner Petroleum,76 Bear Canyon Rd,Garberville,CA,95542,,40.1099749,-123.7948794,707-443-1645,E,,Public - Card key at all times,24 hours daily; Also accept Renner Petroleum card - contact station for details,CFN,B20,,,,,,,,,200-6,40.1117838,-123.8037563,10/6/2014,63284,2014-10-06 15:22:32 UTC,P,,,9/1/2014,,,,,
BD,Phillips Energy Inc,2586 George Washington Memorial Hwy,Hayes,VA,23072,,37.280022,-76.503777,804-642-2166,E,,Public - Credit card after hours,"7am-5pm M-F, 7am-1pm Sat",Cash D M V,B20,,,,,,,,,200-8,37.280021,-76.50378,11/30/2013,35698,2014-03-05 14:17:46 UTC,P,,,10/15/2010,,,,,
BD,Oakboro Oil Co,104 N Main St,Oakboro,NC,28129,,35.2229834,-80.3248235,704-485-8018,E,,Public,6am-10pm daily,A Cash D M V Voyager Wright_Exp,B20,,,,,,,,,200-8,35.222996,-80.3248643,7/3/2014,40318,2014-07-03 13:21:57 UTC,P,,,6/30/2006,,,,,
BD,Hans Volkswagen Repair,6302 35th Ave SW,Seattle,WA,98126,,47.546196,-122.37603,206-932-5552,E,,Public,7am-6pm M-F,A Checks Cash D M V,B99,,,,,,,,,200-8,47.5462027,-122.3760624,6/3/2014,48431,2014-06-03 03:42:31 UTC,P,,,1/15/2006,,,,,
BD,Acorn Petroleum,529 S Sahwatch St,Colorado Springs,CO,80903,,38.825851,-104.826836,719-634-8874  800-333-3373,E,,Public - Card key after hours,7am-4:30pm M-F;  contact station to arrange for card key; Also accept Pacific Pride card,A Cash D M V,B20,,,,,,,,,200-8,38.8258314,-104.8273444,10/31/2013,25878,2014-10-13 14:29:39 UTC,P,,,10/15/2004,,,,,
BD,Urbana Grain - Fuel Plaza & Tire Service - Champaign Landmark Inc,304 Bloomfield Ave,Urbana,OH,43078,,40.1188295,-83.7471599,937-652-2135  800-424-2584,E,,Public - Credit card after hours,7:30am-4:30pm M-F,A Cash D M V Voyager Wright_Exp,B20,,,,,,,,,200-8,40.1189115,-83.747427,3/6/2014,36556,2014-03-06 18:08:01 UTC,P,,,10/15/2008,,,,,
BD,Propel Fuels - 76,1401 W Pacific Coast Hwy,Wilmington,CA,90744,,33.790989,-118.283073,310-835-5147,E,,Public - Credit card at all times,24 hours daily; Also accept Propel CleanDrive fleet card,A D FuelMan M V Voyager Wright_Exp,B20,,,,,,,,,200-8,33.7909714,-118.2829083,9/5/2014,50640,2014-09-05 20:24:37 UTC,P,,,7/12/2011,,,,,
BD,Pearson Fuel Depot,4067 El Cajon Blvd,San Diego,CA,92105,,32.7550594,-117.1074624,619-243-0456  888-998-2546,E,,Public - Credit card after hours,"6am-10pm M-F, 7am-10pm Sat-Sun",A CFN Cash D M V Voyager Wright_Exp,B20,,,,,,,,,200-8,32.7548767,-117.1074674,9/5/2014,22615,2014-09-05 20:24:27 UTC,P,,,8/15/2003,,,,,
BD,Spinx #119,102 Bypass 25 NE,Greenwood,SC,29646,,34.1963793,-82.1349612,864-942-0096,E,,Public,24 hours daily,A Cash D M V Voyager Wright_Exp,B20,,,,,,,,,200-8,34.196532,-82.134539,10/6/2014,50643,2014-10-06 15:20:29 UTC,P,,,1/15/2013,,,,,
BD,Crystal Flash Energy,1760 Alpine NW,Grand Rapids,MI,49504,,42.996315,-85.687149,616-361-0999,E,,Public - Credit card after hours,"5am-9pm M-F, 6am-9pm Sat, 6am-9pm Sun",A Checks Cash D FuelMan M V,"B20, B5",,,,,,,,,200-8,42.9964799,-85.6880652,5/2/2014,24529,2014-05-02 14:10:27 UTC,P,,,3/15/2007,,,,,
BD,Kwik Trip #870,2002 Kwik Trip Way,La Crosse,WI,54603,,43.8527184,-91.2220917,608-781-8988,E,,Public,24 hours daily,A Cash D M V Voyager Wright_Exp,B20,,,,,,,,,200-8,43.8519773,-91.2270531,11/30/2013,44839,2014-10-06 20:36:09 UTC,P,,,5/10/2012,,,,,
BD,Vancouver Shell,4409 N 78th St,Vancouver,WA,98665,,45.678375,-122.626068,360-574-7066,E,,Public,5am-8pm daily,A Cash D M V,B99,,,,,,,,,200-8,45.678374,-122.626068,6/3/2014,38051,2014-06-03 03:42:43 UTC,P,,,12/31/2009,,,,,
BD,Thorntons #71,10134 Princeton Glendale Rd,Cincinnati,OH,45246,,39.3053055,-84.4647293,513-874-0693,E,,Public,24 hours daily,A Checks Cash D M V Voyager Wright_Exp,B20,,,,,,,,,200-8,39.305307,-84.464727,3/6/2014,51154,2014-03-06 18:13:38 UTC,P,,,3/15/2013,,,,,
BD,Propel Fuels - Chevron,8002 NE Bothell Way,Kenmore,WA,98028,,47.756016,-122.233147,425-487-6110,E,,Public - Credit card at all times,24 hours daily,A D FuelMan M V Voyager Wright_Exp,B20,,,,,,,,,200-8,47.756014,-122.233146,5/2/2014,33166,2014-05-02 14:19:39 UTC,P,,,12/15/2007,,,,,
BD,Down to Earth Energy,941 Monroe Jersey Rd,Monroe,GA,30655,,33.7579883,-83.7260254,770-267-7891,E,,Public,9am-5pm M-F,Cash D M V,"B100, B20",,,,,,,,,200-8,33.7511106,-83.7304067,10/6/2014,47974,2014-10-06 15:18:12 UTC,P,,,6/15/2011,,,,,
BD,Convenient Food Mart,3714 W Truman Blvd,Jefferson City,MO,65109,,38.588181,-92.255882,573-893-3278,E,,Public - Credit card after hours,5:30am-12am daily,A Cash D M V,B20,,,,,,,,,200-8,38.588182,-92.25588,10/6/2014,63305,2014-10-06 15:22:39 UTC,P,,,1/15/2006,,,,,
BD,Pacific Pride - Ashland,120 Lowe Rd,Ashland,OR,97520,,42.227623,-122.7441177,541-773-7311,E,,Public - Card key at all times,"24 hours daily; Also accept Pacific Pride, Comdata, Fleet One and PCH cards",Voyager Wright_Exp,B20,,,,,,,,,200-8,42.2278224,-122.7445801,4/4/2014,48476,2014-04-04 19:06:27 UTC,P,,,11/15/2009,,,,,
BD,Chief Petroleum,2808 N Nevada Ave,Colorado Springs,CO,80907,,38.8720986,-104.8198472,719-473-7760,E,,Public - Credit card at all times,24 hours daily; also accept company card- contact station for information,M V,B20 in summer,,,,,,,,,200-8,38.8723255,-104.8197911,6/30/2013,31021,2014-10-06 17:24:28 UTC,P,,,1/15/2008,,,,,
BD,Propel Fuels - 76,6700 Five Star Blvd,Rocklin,CA,95677,,38.781437,-121.26503,916-415-1260,E,,Public - Credit card at all times,24 hours daily; Also accept Propel CleanDrive fleet card,A D FuelMan M V Voyager Wright_Exp,B20,,,,,,,,,GPS,38.781435,-121.2651,9/5/2014,50637,2014-09-05 20:24:47 UTC,P,,,12/1/2008,,,,,
BD,Laughlin Oil Co,2125 NE Cumulus Ave,McMinnville,OR,97128,,45.201416,-123.176537,503-472-7215,E,,Public - Card key at all times,24 hours daily; Pacific Pride card required - contact station for arrangements,,B20,,,,,,,,,200-8,45.201417,-123.176536,4/4/2014,30669,2014-04-04 19:06:26 UTC,P,,,11/15/2006,,,,,
BD,SeQuential Biofuels,86714 McVay Hwy,Eugene,OR,97405,,44.0184059,-123.0262222,541-736-5864,E,,Public,"6am-9pm M-F, 7am-9pm Sat-Sun",A Cash D M V,"B99, B20, B5",,,,,,,,,200-8,44.0182368,-123.0260356,3/6/2014,27820,2014-03-06 18:08:05 UTC,P,,,9/15/2006,,,,,
BD,Allied Washoe Petroleum,2500 E 4th St,Reno,NV,89512,,39.534115,-119.783989,775-323-3146,E,,Public,8am-5pm M-F,Cash M V,"B100, B20",,,,,,,,,200-8,39.5343639,-119.7837707,10/6/2014,35774,2014-10-06 15:13:55 UTC,P,,,7/15/2005,,,,,
BD,Crown Express Mart - Apex,314 E Williams St,Apex,NC,27502,,35.725266,-78.85051,919-267-5857,E,,Public,"5:30am-11pm M-Sat, 8am-8pm Sun",A CFN Cash D FuelMan M V Voyager Wright_Exp,B20,,,,,,,,,200-8,35.725218,-78.8505069,7/3/2014,51871,2014-07-03 13:21:52 UTC,P,,,5/15/2012,,,,,
BD,Propel Fuels - Shell,7741 Auburn Blvd,Citrus Heights,CA,95610,,38.70702,-121.290779,800-871-0773,E,,Public - Credit card at all times,24 hours daily; Also accept Propel CleanDrive fleet card,A D FuelMan M V Voyager Wright_Exp,B20,,,,,,,,,200-8,38.7070577,-121.2909079,9/5/2014,41144,2014-09-05 20:25:34 UTC,P,,,1/12/2008,,,,,
BD,Propel Fuels - Valero,503 Whipple Ave,Redwood City,CA,94063,,37.494144,-122.234535,650-365-0763,E,,Public - Credit card at all times,24 hours daily; Also accept Propel CleanDrive fleet card,A D FuelMan M V Voyager Wright_Exp,B20,,,,,,,,,200-8,37.4941154,-122.2344626,9/5/2014,50032,2014-09-05 19:29:51 UTC,P,,,5/10/2011,,,,,
BD,SunPower Biodiesel,2721 Midway Rd,Duluth,MN,55810,,46.7105594,-92.2800688,877-882-5313,E,,Public - Credit card after hours,7:30am-5pm M-F,A Cash D M V Voyager,"B99 in summer, B20, B11",,,,,,,,,200-8,46.7102444,-92.2800283,3/6/2014,41113,2014-03-06 18:10:36 UTC,P,,,9/23/2011,,,,,
BD,Cropper Oil & Gas,10535 Ocean Gateway,Berlin,MD,21811,,38.3414108,-75.198593,410-641-2251,E,,Public - Credit card after hours,7:30am-5pm M-F; Station does not accept American Express after hours; Also accept company card,A Checks Cash D FuelMan M V Wright_Exp,"B20, B10",,,,,,,,,200-8,38.342478,-75.195093,10/31/2013,23433,2014-10-06 20:27:57 UTC,P,,,10/15/2003,,,,,
BD,MAPCO Fast #3511,200 Carbondale Rd,Dalton,GA,30721,,34.6530649,-84.9849129,706-277-9854,E,,Public,24 hours daily,A Cash D M V Voyager Wright_Exp,B20,,,,,,,,,200-8,34.6538772,-84.9828565,7/31/2013,47973,2014-09-24 13:27:56 UTC,P,,,6/11/2012,,,,,
BD,SunPower Biodiesel,1690 Elm St,Cumberland,WI,54829,,45.5320477,-92.0337132,877-882-5313,E,,Public - Credit card at all times,24 hours daily,A D M V Voyager Wright_Exp,"B99, B20, B11",,,,,,,,,200-8,45.5324052,-92.0262471,9/5/2014,38777,2014-09-05 19:41:29 UTC,P,,,2/28/2011,,,,,
BD,Applebee Oil & Propane,603 E Steel St,St. Johns,MI,48879,,43.0061464,-84.5507209,989-834-2828,E,,Public,"8am-5pm M-F, 8am-12pm Sat",A Cash D M V,B20,,,,,,,,,200-8,43.0061322,-84.5508995,7/3/2014,47978,2014-07-03 13:17:57 UTC,P,,,1/15/2008,,,,,
BD,JB Dewar Inc,75 Prado Rd,San Luis Obispo,CA,93401,,35.254196,-120.670937,866-809-4869,E,,Public - Card key at all times,"24 hours daily; public must apply for access and proprietary card, and must be part of CA biodiesel users group to purchase B99 - contact station for arrangements",,"B99, B20",,,,,,,,,200-8,35.254197,-120.670939,5/2/2014,29481,2014-05-02 14:22:37 UTC,P,,,3/15/2006,,,,,
BD,Propel Fuels - Chevron,790 Montague Expy,San Jose,CA,95131,,37.397495,-121.912811,408-944-9258,E,,Public - Credit card at all times,24 hours daily; Also accept Propel CleanDrive fleet card,A D FuelMan M V Voyager Wright_Exp,B20,,,,,,,,,200-8,37.397445,-121.9129352,9/5/2014,40582,2014-09-05 20:25:22 UTC,P,,,8/1/2011,,,,,
BD,Black Mountain Natural Foods Store,108 Black Mountain Ave,Black Mountain,NC,28711,,35.614723,-82.320755,828-669-9813,E,,Public,"9am-7pm M-F, 10am-7pm Sat, 12pm-5pm Sun",A Cash D M V,"B99 in summer, B50 in winter",,,,,,,,,200-8,35.614757,-82.320737,7/3/2014,31818,2014-07-03 13:21:50 UTC,P,,,5/15/2007,,,,,
BD,Ocoee River Co-op,318 Reesetown Rd,Turtletown,TN,37391,,35.0612679,-84.3535995,423-241-3125,E,,Public - Call ahead,8am-6:30pm M-Sat; one time co-op member fee required,A Cash D FuelMan M V,B100,,,,,,,,,GPS,35.06085,-84.353719,7/31/2013,41599,2014-08-01 19:05:59 UTC,P,,,10/17/2011,,,,,
BD,Sunoco,6027 State Route 95,Mount Gilead,OH,43338,,40.4988657,-82.7216166,419-768-2672,E,,Public,"6am-11pm M-F, 7am-11pm Sat, 7am-10pm Sun",A Cash D M V Voyager Wright_Exp,"B20, B5, B2",,,,,,,,,200-8,40.49813,-82.71999,3/6/2014,31362,2014-03-06 18:07:59 UTC,P,,,9/15/2006,,,,,
BD,United Farmers Co-op,1504 Platte Ave,York,NE,68467,,40.8748718,-97.5943851,402-362-1510,E,,Public - Credit card at all times,24 hours daily,A D GasCard M V Voyager Wright_Exp,B20,,,,,,,,,GPS,40.874587,-97.594431,6/3/2014,32217,2014-06-03 03:50:32 UTC,P,,,6/15/2006,,,,,
BD,Coleman Oil Co,3 E Chehalis,Wenatchee,WA,98801,,47.414711,-120.3051071,509-662-6400,E,,Public - Card key at all times,8am-5pm M-F; card key required for entry - contact station for arrangements,A CFN Cash D M V,B20,,,,,,,,,200-8,47.4175967,-120.3042732,6/3/2014,50035,2014-06-03 03:42:29 UTC,P,,,1/15/2010,,,,,
BD,Propel Fuels - Bernie's Automotive,4420 Leary Way NW,Seattle,WA,98107,,47.6609284,-122.3665816,206-965-8338,E,,Public - Credit card at all times,24 hours daily,A D FuelMan M V Voyager Wright_Exp,"B99, B50 in winter",,,,,,,,,200-8,47.6613219,-122.3664749,9/5/2014,32621,2014-09-05 20:25:43 UTC,P,,,10/15/2007,,,,,
BD,Spinx #125,7495 Augusta Rd,Piedmont,SC,29673,,34.7252995,-82.3883991,864-277-2627,E,,Public,24 hours daily,A Cash D M V,B20,,,,,,,,,200-8,34.727893,-82.387636,10/6/2014,52188,2014-10-06 15:20:17 UTC,P,,,8/15/2008,,,,,
BD,Evans Exit 16 Truckstop,11 Eastman Hill Rd,Enfield,NH,3748,,43.6102107,-72.1893905,603-448-3400,E,,Public,24 hours daily,A Cash D M V Voyager Wright_Exp,"B20 in summer, B5 in winter",,,,,,,,,GPS,43.61685,-72.184381,4/4/2014,32305,2014-04-04 19:01:17 UTC,P,,,7/15/2007,,,,,
BD,Leathers Fuels,18145 SE Division,Portland,OR,97236,,45.5049515,-122.476181,503-666-8198,E,,Public,"6am-10pm M-Sat, 7am-9pm Sun",A Cash D M V,"B99 in summer, B50 in winter",,,,,,,,,200-8,45.504952,-122.476183,3/6/2014,30666,2014-03-06 18:13:58 UTC,P,,,11/15/2006,,,,,
BD,Rotten Robbie #43,1304 Piedmont Rd,San Jose,CA,95132,,37.400337,-121.846756,408-259-5535,E,,Public,"6am-11pm M-F, 7am-11pm Sat-Sun",A Cash D M V Voyager Wright_Exp,B20,,,,,,,,,200-8,37.4003756,-121.8467261,9/5/2014,33116,2014-09-05 20:33:11 UTC,P,,,6/15/2008,,,,,
BD,Tri-State Biodiesel,531 Barretto St,Bronx,NY,10474,,40.810863,-73.888687,718-860-6600,E,,Public,8:30am-6pm M-F,A Checks Cash D M V,"B100, B99",,,,,,,,,GPS,40.810864,-73.888689,4/4/2014,48469,2014-04-04 19:01:28 UTC,P,,,1/15/2009,,,,,
BD,Speedway #7138,8281 Tridon Dr,Smyrna,TN,37167,,35.9358361,-86.5292678,615-355-7073,E,,Public,24 hours daily,A Cash D M V Voyager,B20,,,,,,,,,200-8,35.9362284,-86.5297136,3/6/2014,32705,2014-03-06 18:04:03 UTC,P,,,7/1/2007,,,,,
BD,Jay's Garage,734 SE 7th Ave,Portland,OR,97214,,45.51746,-122.658363,503-239-5167,E,,Public,"7am-7pm M-F, 8am-6pm Sat-Sun",A Checks Cash D M V Voyager Wright_Exp,"B99 in the summer, B50 in the winter",,,,,,,,,200-8,45.5175188,-122.6583207,3/6/2014,25565,2014-03-06 18:08:08 UTC,P,,,2/15/2006,,,,,
BD,Rio Valley Biofuels,1940 Anthony Dr,Anthony,NM,88021,,32.032238,-106.602242,575-882-5199,E,,Public,7am-7pm M-F; weekend fueling by arrangement,Checks Cash,"B99, all blends available",,,,,,,,,200-8,32.032237,-106.602241,10/6/2014,33262,2014-10-06 15:14:40 UTC,P,,,8/15/2006,,,,,
BD,Zoomerz #68,13425 Andrew Johnson Hwy,Bulls Gap,TN,37711,,36.223279,-83.0358823,423-235-2202,E,,Public,24 hours daily,A Checks Cash D M V Voyager Wright_Exp,B20,,,,,,,,,200-8,36.2249052,-83.0488964,8/5/2014,35008,2014-08-05 17:57:44 UTC,P,,,8/1/2009,,,,,
BD,Cruizers #20,1914 Sedwick Rd,Durham,NC,27713,,35.888546,-78.896057,919-806-3458,E,,Public,6am-11pm daily,A Cash D M V Voyager Wright_Exp,B20,,,,,,,,,200-8,35.88854,-78.896054,7/3/2014,29915,2014-07-03 13:21:39 UTC,P,,,4/15/2006,,,,,
BD,Conrad & Bischoff Inc,2251 N Holmes Ave,Idaho Falls,ID,83401,,43.5168266,-112.0247421,208-522-8174,E,,Public - Credit card at all times,24 hours daily,A CFN D M V Voyager Wright_Exp,B20,,,,,,,,,200-8,43.516825,-112.024745,5/2/2014,35697,2014-05-02 14:26:53 UTC,P,,,5/1/2010,,,,,
BD,Propel Fuels - Chevron,3291 W Florida Ave,Hemet,CA,92545,,33.74704,-117.006187,951-929-7320,E,,Public - Credit card at all times,24 hours daily; Also accept Propel CleanDrive fleet card,A D FuelMan M V Voyager Wright_Exp,B20,,,,,,,,,200-8,33.7470388,-117.0062681,9/5/2014,47980,2014-09-05 20:25:19 UTC,P,,,12/21/2012,,,,,
BD,Self Heating & Cooling Inc,219 Keith Valley Rd,Horsham,PA,19044,,40.210442,-75.165764,267-803-4840,E,,Public - Card key after hours,8am-5pm M-F; contact station to acquire card key,A Cash D M V,"B20 in summer, B5 in winter",,,,,,,,,200-8,40.21044,-75.165763,8/5/2014,41057,2014-08-05 17:56:34 UTC,P,,,2/1/2010,,,,,
BD,Gateway Gas & Deli,8030 Douglas Ave SE,Snoqualmie,WA,98065,,47.528683,-121.875954,425-292-0934,E,,Public - Credit card after hours,"6am-10pm Sun-Th, 6am-11pm F-Sat",A Cash D M V Voyager Wright_Exp,B20,,,,,,,,,200-8,47.528683,-121.875954,6/3/2014,33420,2014-06-03 03:51:46 UTC,P,,,7/17/2008,,,,,
BD,Stop & Quick,1321 S Blount St,Raleigh,NC,27601,,35.763817,-78.636665,919-833-8200,E,,Public,24 hours daily,A Cash D M V Voyager Wright_Exp,B20,,,,,,,,,200-8,35.763816,-78.636659,7/2/2014,31310,2014-07-02 20:27:41 UTC,P,,,12/15/2006,,,,,
BD,Cardwell Distributing,111 Main St,Delta,UT,84624,,39.3523655,-112.5773871,435-864-4461,E,,Public - Credit card after hours,"6am-10pm M-Th, 6am-11pm F-Sat, 6am-9pm Sun",A Cash D M V Wright_Exp,"B20 in summer, B5 in winter",,,,,,,,,200-8,39.3524013,-112.5773633,9/5/2014,32602,2014-09-05 20:33:45 UTC,P,,,9/15/2007,,,,,
BD,Piedmont Biofuels - TS Designs,2053 Willow Spring Ln,Burlington,NC,27512,,36.04985,-79.486343,919-321-8260,E,,Public - Card key at all times,24 hours daily; contact station to arrange for card key,,B100,,,,,,,,,GPS,36.049817,-79.486239,7/3/2014,35592,2014-07-03 13:22:32 UTC,P,,,4/1/2010,,,,,
BD,Propel Fuels - 76,999 Sunrise Ave,Roseville,CA,95661,,38.729832,-121.271713,916-773-6900,E,,Public - Credit card at all times,24 hours daily; Also accept Propel CleanDrive fleet card,A D FuelMan M V Voyager Wright_Exp,B20,,,,,,,,,200-8,38.7298753,-121.2716229,9/5/2014,39634,2014-09-05 20:24:39 UTC,P,,,6/1/2011,,,,,
BD,MAPCO Mart #3509,1430 Kellogg Creek Blvd,Acworth,GA,30101,,34.1200322,-84.5862924,770-928-7208,E,,Public,24 hours daily,A Cash D M V Voyager Wright_Exp,B20,,,,,,,,,200-8,34.1203039,-84.5871764,10/6/2014,47991,2014-10-06 15:18:55 UTC,P,,,6/11/2012,,,,,
BD,West Hialeah U-Gas,7950 W 28th Ave,Hialeah,FL,33018,,25.8945762,-80.340165,305-698-1219,E,,Public,24 hours daily,A Cash D M V Wright_Exp,B20,,,,,,,,,200-8,25.8945459,-80.3408649,8/5/2014,35216,2014-08-05 17:55:24 UTC,P,,,11/15/2009,,,,,
BD,Spinx #165,5598 N Highway 14,Landrum,SC,29356,,35.1146503,-82.2251444,864-468-5425,E,,Public,24 hours daily,A Cash D M V,B20,,,,,,,,,200-8,35.11444,-82.224558,10/6/2014,52184,2014-10-06 15:20:18 UTC,P,,,4/15/2002,,,,,
BD,K&W Sunoco - Dogwood Crossing,4400 Coonpath Rd NW,Carroll,OH,43112,,39.772789,-82.684059,740-756-7581,E,,Public,24 hours daily,A Cash D M V Voyager Wright_Exp,B20,,,,,,,,,200-8,39.772788,-82.684057,3/6/2014,33480,2014-03-06 18:02:13 UTC,P,,,10/15/2008,,,,,
BD,Zoomerz #67 - Exxon,935 N Kentucky St,Kingston,TN,37763,,35.878929,-84.5102651,865-376-5004,E,,Public,24 hours daily,A Cash D M V Voyager Wright_Exp,B20,,,,,,,,,200-8,35.8830633,-84.5026923,8/5/2014,35052,2014-08-05 17:57:41 UTC,P,,,7/15/2009,,,,,
BD,Blue Sky Biofuels,851 49th Ave,Oakland,CA,94601,,37.766624,-122.214172,510-868-9229,E,,Public,"6am-7pm M-F, 10am-2pm Sat",Cash M V,B99,,,,,,,,,200-8,37.766626,-122.214161,1/31/2013,50232,2014-09-03 17:37:26 UTC,P,,,1/15/2011,,,,,
BD,Capitol City Oil Inc,4141 NW Lower Silver Lake Rd,Topeka,KS,66618,,39.079998,-95.726982,785-233-8008,E,,Public - Card key at all times,24 hours daily; Also accept Capital City Oil Inc. card - contact station for arrangements,Voyager Wright_Exp,B20,,,,,,,,,200-8,39.079996,-95.726982,7/3/2014,22704,2014-07-03 13:22:00 UTC,P,,,7/15/2003,,,,,
BD,Midstate Marathon,4030 Boatways Rd,Fort Myers,FL,33905,,26.6850796,-81.7959747,239-690-9526,E,,Public,"6am-10pm Sun-Th, 6am-11pm F-Sat",A Cash D M V,B20,,,,,,,,,200-8,26.685079,-81.795929,8/5/2014,50641,2014-08-05 17:55:26 UTC,P,,,12/15/2011,,,,,
BD,Pacific Pride,5000 N Basin,Portland,OR,97217,,45.5590005,-122.7003839,800-950-3835,E,,Public - Card key at all times,24 hours daily; also accept Pacific Pride and Comdata cards,Voyager Wright_Exp,"B20, B5",,,,,,,,,200-8,45.5594987,-122.6997716,3/6/2014,24738,2014-03-06 17:51:45 UTC,P,,,3/1/2010,,,,,
BD,Nebraska Green Fuels Co-op,300 Main St,Lyons,NE,68038,,41.9375235,-96.4691535,402-307-0280,E,,Public - Card key at all times,24 hours daily; contact Nebraska Green Fuels for Co-op card,,B100,,,,,,,,,200-8,41.9375415,-96.4756615,6/3/2014,46336,2014-06-03 03:50:11 UTC,P,,,1/1/2011,,,,,
BD,Center City Shell - S & B Auto,1135-45 Vine St,Philadelphia,PA,19107,,39.9577713,-75.1629105,215-928-9181,E,,Public,24 hours daily,A Cash D M V Voyager Wright_Exp,B20,,,,,,,,,200-8,39.9574293,-75.1573065,8/5/2014,30825,2014-08-05 17:40:59 UTC,P,,,2/15/2007,,,,,
BD,Thorntons #53,2291 Elkhorn Rd,Lexington,KY,40505,,38.041904,-84.424614,859-299-6707,E,,Public,24 hours daily,A Cash D M V Voyager Wright_Exp,B20,,,,,,,,,200-8,38.041903,-84.424618,7/2/2014,51152,2014-07-02 20:27:18 UTC,P,,,11/30/2010,,,,,
BD,Village Service Station,193 Pound Ridge Rd,Bedford,NY,10506,,41.202118,-73.628181,914-234-7851,E,,Public,"6am-10pm M-F, 7am-10pm Sat-Sun",A Cash D M V Voyager Wright_Exp,B20,,,,,,,,,200-8,41.20212,-73.628183,2/5/2014,35775,2014-02-05 22:09:29 UTC,P,,,12/9/2008,,,,,
BD,Eel River Fuels Inc,3371 N State St,Ukiah,CA,95482,,39.1952515,-123.2052917,707-462-5554  800-343-8354,E,,Public - Credit card after hours,8am-5:30pm M-F,CFN Cash D M V Voyager Wright_Exp,B20,,,,,,,,,200-8,39.1953551,-123.2060169,10/6/2014,63282,2014-10-06 15:22:29 UTC,P,,,9/1/2009,,,,,
BD,American Biodiesel,751 Hattermann Rd,La Grange,TX,78945,,29.9051996,-96.7977141,979-249-5527,E,,Public - Credit card after hours,7am-5pm M-F,Cash Checks D M V,B99,,,,,,,,,200-8,29.9032897,-96.801679,7/31/2012,48482,2014-01-20 18:56:10 UTC,P,,,7/15/2012,,,,,
BD,Brighton BP Shop,209 N Van Buren St,Brighton,IA,52540,,41.175724,-91.820366,319-694-2200,E,,Public,5am-10pm daily,A Checks Cash D M V Voyager Wright_Exp,B20,,,,,,,,,200-8,41.1722882,-91.8199867,5/2/2014,61120,2014-05-02 14:30:09 UTC,P,,,4/15/2007,,,,,
BD,Dateland Travel Center,1737 S Ave 64 E,Dateland,AZ,85333,,32.7990215,-113.5408855,928-454-2772,E,,Public,24 hours daily; Also accepts Fleet One and FleetWide cards,A Cash D FuelMan M V Voyager Wright_Exp,B20,,,,,,,,,GPS,32.807383,-113.541906,10/6/2014,47990,2014-10-06 15:19:35 UTC,P,,,4/9/2009,,,,,
BD,Daily's #6604,601 Fesslers Ln,Nashville,TN,37210,,36.14415,-86.74472,615-242-2566,E,,Public,24 hours daily,A Cash D M V Voyager,B20,,,,,,,,,200-8,36.144153,-86.744725,8/5/2014,32720,2014-08-05 17:41:01 UTC,P,,,1/1/2007,,,,,
BD,Cardwell Distributing,8137 S State,Midvale,UT,84047,,40.6046486,-111.8901672,800-561-0051,E,,Public - Credit card after hours,7:30am-9pm M-F,A Cash D M V,"B99, B50, B20",,,,,,,,,200-8,40.604671,-111.890167,9/5/2014,27830,2014-09-05 20:33:39 UTC,P,,,9/15/2005,,,,,
BD,Space Station Gas,644 Lincoln Ave,Steamboat Springs,CO,80487,,40.4852019,-106.8329624,970-879-1811,E,,Public - Credit card after hours,6am-11pm daily,A Checks Cash D M V,B20,,,,,,,,,200-8,40.485298,-106.8331977,10/31/2013,48453,2014-10-06 17:34:31 UTC,P,,,6/1/2012,,,,,
BD,Propel Fuels - Shell,2120 E College Way,Mount Vernon,WA,98273,,48.435177,-122.31398,360-424-3056,E,,Public - Credit card at all times,24 hours daily; Also accept Propel CleanDrive fleet card,A D FuelMan M V Voyager Wright_Exp,"B99, B50 in winter, B20",,,,,,,,,200-8,48.435177,-122.313983,9/5/2014,33044,2014-09-05 19:49:56 UTC,P,,,5/15/2008,,,,,
BD,John Ray & Sons,2900 6th Ave,Troy,NY,12180,,42.745926,-73.681778,518-272-4432,E,,Public - Credit card after hours,"7am-5pm M-F, 8am-12pm Sat",A Cash D M V,"B20 in summer, B5",,,,,,,,,200-8,42.745926,-73.681782,4/4/2014,29571,2014-04-04 18:50:41 UTC,P,,,3/15/2007,,,,,
BD,Gas & Goodies,307 S Oak St,Richland,IA,52585,,41.181892,-91.994064,319-694-2200,E,,Public,5am-10pm daily,A Checks Cash D M V Voyager Wright_Exp,B20,,,,,,,,,200-8,41.1784946,-91.9936887,5/2/2014,61127,2014-05-02 14:14:39 UTC,P,,,12/12/2013,,,,,
BD,Yocum Holiday #3831,1579 Cliff Rd,Eagan,MN,55122,,44.790619,-93.180679,651-687-9520,E,,Public - Credit card after hours,5am-11pm daily,A Cash D M V Voyager Wright_Exp,"B20 in summer, B5 in winter",,,,,,,,,200-8,44.790619,-93.180681,3/6/2014,49535,2014-03-06 18:10:37 UTC,P,,,5/15/2012,,,,,
BD,Propel Fuels - Shell,701 Torrance Blvd,Torrance,CA,90502,,33.8423958,-118.2871552,310-327-3736,E,,Public - Credit card at all times,24 hours daily; Also accept Propel CleanDrive fleet card,A D FuelMan M V Voyager Wright_Exp,B20,,,,,,,,,200-8,33.8422844,-118.2870604,9/5/2014,50639,2014-09-05 20:25:26 UTC,P,,,1/31/2013,,,,,
BD,Newport Biodiesel,312 Connell Hwy,Newport,RI,2840,,41.5139584,-71.316947,401-846-1117,E,,Public,"8am-5pm M-F, 8am-12pm Sat",Cash Checks A D M V,B99,,,,,,,,,200-8,41.515553,-71.316663,5/31/2013,51872,2014-01-20 18:58:01 UTC,P,,,1/15/2008,,,,,
BD,Shoco Oil,5135 E 74th Ave,Commerce City,CO,80022,,39.832767,-104.927429,303-289-1677,E,,Public - Credit card after hours,"6am-6pm M-F, 7am-12pm Sat",Cash M V,"B100, B20",,,,,,,,,200-8,39.8318785,-104.9272508,10/31/2013,23766,2014-10-06 17:33:07 UTC,P,,,11/15/2003,,,,,
BD,Amigo Mart,1229 Cerrilos Rd,Santa Fe,NM,87505,,35.6726765,-105.9617648,505-954-4522,E,,Public,24 hours daily,A Cash D M V Voyager Wright_Exp,B20,,,,,,,,,200-8,35.6729626,-105.9620914,10/6/2014,25688,2014-10-06 15:22:02 UTC,P,,,1/15/2002,,,,,
BD,The Green Station - Campbell,136 Gilman Ave,Campbell,CA,95008,,37.285309,-121.940384,831-425-9100,E,,Public,"4am-7pm T, Th, F, 9am-1pm Sat",Checks Cash,"B99, B95 in winter",,,,,,,,,200-8,37.285311,-121.940386,9/5/2014,44758,2014-09-05 19:36:59 UTC,P,,,6/15/2010,,,,,
BD,Cobb Oil Key Troll,2190 250th St,Washington,IA,52353,,41.295235,-91.718216,319-694-2200,E,,Public - Card key at all times,24 hours daily; Contact station to arrange for card key,,B20 in summer,,,,,,,,,200-8,41.2939019,-91.7179515,4/4/2014,46335,2014-04-04 19:03:39 UTC,P,,,6/15/2007,,,,,
BD,Zlotnick's Irving,187 Willimantic Rd,Chaplin,CT,6235,,41.7588817,-72.1446861,860-455-9160,E,,Public,24 hours daily,A Cash D M V Voyager Wright_Exp,B20,,,,,,,,,200-8,41.7587105,-72.144082,10/6/2014,63285,2014-10-06 15:14:46 UTC,P,,,9/1/2008,,,,,
BD,North Central Co-op,2929 Peddler Village Rd,Goshen,IN,46526,,41.609222,-85.885315,574-533-4131,E,,Public - Credit card at all times,24 hours daily; Also accept FleetWide,A CFN D M V Wright_Exp,"B20, B5",,,,,,,,,200-8,41.609224,-85.885312,7/3/2014,48457,2014-07-03 13:21:44 UTC,P,,,6/15/2006,,,,,
BD,MAPCO #3066,301 Long Hollow Rd,Goodlettsville,TN,37072,,36.3250122,-86.7011032,615-859-2198,E,,Public,24 hours daily,A Cash D M V Voyager Wright_Exp,B20,,,,,,,,,200-8,36.3632669,-86.6636251,8/5/2014,48480,2014-08-05 17:43:56 UTC,P,,,1/15/2012,,,,,
BD,Spinx #193,697 Fairview Rd,Simpsonville,SC,29680,,34.705498,-82.257401,864-962-1551,E,,Public,24 hours daily,A Cash D M V,B20,,,,,,,,,200-8,34.705494,-82.257397,10/6/2014,52192,2014-10-06 15:20:37 UTC,P,,,12/15/2002,,,,,
BD,MAPCO Mart #3400,254 Long Hollow Pike,Goodlettsville,TN,37072,,36.325188,-86.702255,615-859-1005,E,,Public,24 hours daily,A Cash D M V Voyager,B20,,,,,,,,,200-8,36.325189,-86.702254,8/5/2014,52985,2014-08-05 17:48:17 UTC,P,,,1/1/2013,,,,,
BD,HFN Shipman,16-570 Kipimana St,Keaau,HI,96749,,19.638039,-155.045044,808-969-1405,E,,Public - Card key at all times,24 hours daily; Also accept HFN proprietary and Comdata cards,FuelMan GasCard Voyager Wright_Exp,"B100, B20",,,,,,,,,200-8,19.638044,-155.045039,5/2/2014,53250,2014-05-02 14:27:04 UTC,P,,,10/15/2013,,,,,
BD,Carson Oil - SeQuential Biofuels,1260 SW 3rd St,Corvallis,OR,97333,,44.552593,-123.26593,541-753-4131,E,,Public - Credit card at all times,24 hours daily; also accept Pacific Pride card,M V Voyager Wright_Exp,"B99, B20",,,,,,,,,200-8,44.552581,-123.2656296,3/6/2014,27821,2014-03-06 18:13:48 UTC,P,,,9/15/2005,,,,,
BD,Twice Daily #6602,3863 Dickerson Rd,Nashville,TN,37207,,36.2687531,-86.755249,615-868-0551,E,,Public,24 hours daily,A Cash D FuelMan M V Voyager,B20,,,,,,,,,200-8,36.2685134,-86.7560228,8/5/2014,32502,2014-08-05 17:57:32 UTC,P,,,1/1/2010,,,,,
BD,Pilot Travel Center #219,7210 Strawberry Plains Pike,Knoxville,TN,37914,,35.9992523,-83.7770538,865-544-1067,E,,Public,24 hours daily,A Cash D M V Voyager Wright_Exp,B20,,,,,,,,,200-8,35.9994262,-83.7772116,8/5/2014,35520,2014-08-05 17:48:03 UTC,P,,,3/1/2010,,,,,
BD,Pacific Pride - Ira Phillips Inc,310 N 3rd St,Gadsden,AL,35901,,34.016354,-85.999969,256-547-0591,E,,Public - Card key at all times,"24 hours daily; Also accept Pacific Pride, Fleet One, TCH, T-Chek and Comdata cards",Voyager Wright_Exp,B20,,,,,,,,,200-8,34.016352,-85.999972,9/5/2014,48891,2014-09-05 20:24:05 UTC,P,,,7/20/2012,,,,,
BD,Spinx #131,1625 NE Main St,Simpsonville,SC,29681,,34.7659805,-82.2814447,864-688-0325,E,,Public,24 hours daily,A Cash D M V,B20,,,,,,,,,200-8,34.765453,-82.282121,10/6/2014,52190,2014-10-06 15:20:31 UTC,P,,,5/15/2012,,,,,
BD,Bourne's Energy,1475 Laporte Rd,Morristown,VT,5661,,44.5467637,-72.6166557,802-888-2611,E,,Public - Card key at all times,24 hours daily; Bourne's Energy card required - contact station for arrangements,,B99 in summer,,,,,,,,,200-8,44.5473489,-72.615831,4/4/2014,53254,2014-04-04 19:01:22 UTC,P,,,1/15/2010,,,,,
BD,Luckey Farmers Inc,3940 Fremont Pike,Perrysburg,OH,43551,,41.4956055,-83.471756,419-849-2711,E,,Public - Credit card at all times,24 hours daily; also accept LFI fuel cards,A D M V,B20,,,,,,,,,200-8,41.495607,-83.471756,3/6/2014,27814,2014-03-06 18:13:37 UTC,P,,,1/15/2006,,,,,
BD,TH Malloy and Sons,106 Scott Rd,Cumberland,RI,2864,,41.9473947,-71.4268606,401-333-0665,E,,Public,9am-4pm M-F,Cash D M V,"B99, B20",,,,,,,,,200-8,41.945281,-71.4268139,11/30/2013,33414,2014-01-20 18:57:09 UTC,P,,,6/15/2004,,,,,
BD,Supreme Oil Co,2110 Grand Ave,Phoenix,AZ,85009,,33.4703407,-112.1045227,602-254-5575,E,,Public,"5am-4:30pm M-Th, 5am-2:30pm F",A Checks Cash D M V Wright_Exp,"B99, all blends available",,,,,,,,,200-8,33.470691,-112.104923,10/6/2014,35898,2014-10-06 15:21:44 UTC,P,,,8/15/2010,,,,,
BD,Hampel Oil,3950 W 30th St S,Wichita,KS,67217,,37.639278,-97.388672,316-529-1162,E,,Public - Card key at all times,24 hours daily; contact station to arrange for card key,,B20,,,,,,,,,200-8,37.639291,-97.388641,9/30/2013,22709,2014-09-23 18:14:41 UTC,P,,,7/15/2003,,,,,
BD,Propel Fuels - Arco,701 E Foothill Blvd,Claremont,CA,91711,,34.107342,-117.702415,909-445-9654,E,,Public,24 hours daily; Also accept Propel CleanDrive fleet card,A Cash D FuelMan M V Voyager Wright_Exp,B20,,,,,,,,,200-8,34.1072048,-117.702517,9/5/2014,47979,2014-09-05 20:24:58 UTC,P,,,9/1/2013,,,,,
BD,FutureFuel Chemical Co,2800 Gap Rd,Batesville,AR,72501,,35.7258144,-91.5199046,870-698-5389,E,,Public - Credit card at all times,24 hours daily,A D M V Voyager Wright_Exp,B20,,,,,,,,,200-8,35.7258236,-91.5182232,4/4/2014,50231,2014-04-04 19:01:12 UTC,P,,,7/1/2012,,,,,
BD,Yokayo Biofuels,150 Perry St,Ukiah,CA,95482,,39.136719,-123.202766,877-806-0900,E,,Public,9am-5pm M-F,Cash M V,"B99 in summer, B95 in winter",,,,,,,,,200-8,39.1367199,-123.202763,11/30/2013,23456,2014-09-02 21:51:38 UTC,P,,,2/15/2003,,,,,
BD,Quality Petroleum of Alabama - Pacific Pride,1098 Bethel Ave,Tarrant,AL,35217,,33.586113,-86.768051,205-988-4600,E,,Public - Card key at all times,"24 hours daily; Also accepts Fleet One, T-Chek, Comdata, Comchek, EFS, TCH, and Pacific Pride Cards",Voyager Wright_Exp,B20,,,,,,,,,200-8,33.586127,-86.768052,10/6/2014,40316,2014-10-06 15:14:37 UTC,P,,,6/1/2011,,,,,
BD,SA White Oil Co,590 Atlanta St SE,Marietta,GA,30060,,33.9385392,-84.543778,770-427-1387,E,,Public,"6am-6pm M-F, 6am-3pm Sat",A Cash D M V,"B99, B20",,,,,,,,,200-8,33.938411,-84.542824,10/6/2014,21959,2014-10-06 15:18:13 UTC,P,,,5/15/2005,,,,,
BD,Eblen Short Stop #6,425 Broadway St,Asheville,NC,28801,,35.606182,-82.562416,828-259-9939,E,,Public,"6am-11pm M-Sat, 7am-10pm Sun",A Cash D M V Voyager Wright_Exp,B20,,,,,,,,,200-8,35.6061,-82.562409,7/3/2014,35346,2014-07-03 13:21:53 UTC,P,,,1/15/2010,,,,,
BD,Interstate Oil Co,183 W Main St,Woodland,CA,95695,,38.676792,-121.792854,916-372-7400,E,,Public - Credit card after hours,8am-5pm daily; station manager must unlock pump if paying with cash; Also accept Pacific Pride and Comdata cards,A Cash D M V Voyager Wright_Exp,B20,,,,,,,,,200-8,38.676789,-121.792855,9/5/2014,49273,2014-09-05 20:33:00 UTC,P,,,1/15/2009,,,,,
BD,Rogue Biofuels,1409 N Highway 99,Ashland,OR,97520,,42.2157309,-122.732329,541-727-7350,E,,Public - Credit card after hours,"10am-6pm M-Sat, 11am-4pm Sun for cash; 24 hours daily for credit card",Cash D M V,"B99, all blends available",,,,,,,,,200-8,42.2146388,-122.7313424,3/6/2014,48477,2014-03-06 18:14:01 UTC,P,,,8/15/2009,,,,,
BD,Red Birch,5656 Virginia Ave,Bassett,VA,24055,,36.746863,-79.9375581,276-629-7111,E,,Public,8am-5pm daily,Cash Checks,B99,,,,,,,,,GPS,36.747278,-79.937475,11/30/2013,49278,2014-01-20 19:21:50 UTC,P,,,8/15/2008,,,,,
BD,Star Oilco - SeQuential Biofuels,11330 NW Saint Helens Rd,Portland,OR,97231,,45.603451,-122.788857,503-283-1256,E,,Public,"6am-9pm M-F, 7am-9pm Sat, 7am-8pm Sun",A Cash D M V Voyager Wright_Exp,"B99 in summer, B50 in winter, B5",,,,,,,,,200-8,45.603451,-122.788854,3/6/2014,31656,2014-03-06 18:13:51 UTC,P,,,1/15/2004,,,,,
BD,Daily's #6603,150 Long Hollow Pike,Goodlettsville,TN,37072,,36.323418,-86.708336,615-851-1877,E,,Public,24 hours daily,A Cash D M V Voyager Wright_Exp,B20,,,,,,,,,200-8,36.323409,-86.708259,8/5/2014,32489,2014-08-05 17:52:32 UTC,P,,,3/15/2007,,,,,
BD,Woolley Fuel Co,12 Burnett Ave,Maplewood,NJ,7040,,40.7217492,-74.2582367,973-762-7400,E,,Public,"8am-4:30pm M-F, 8am-12pm Sat (Sat hours in winter only)",A Checks Cash D M V,"B30, any blend up to B30 available",,,,,,,,,200-8,40.721603,-74.2582649,6/3/2014,33488,2014-06-03 03:41:27 UTC,P,,,12/15/2005,,,,,
BD,Lone Tree BP,122 E Devoe St,Lone Tree,IA,52755,,41.486416,-91.425285,319-694-2200,E,,Public,5am-10pm daily,A Checks Cash D M V Voyager Wright_Exp,B20,,,,,,,,,200-8,41.4881262,-91.4256646,5/2/2014,61122,2014-05-02 14:02:49 UTC,P,,,4/15/2007,,,,,
BD,Propel Fuels - 76,3860 Kearny Mesa Rd,San Diego,CA,92111,,32.814163,-117.151909,800-871-0773,E,,Public,24 hours daily; Also accept Propel CleanDrive fleet card,A Cash D FuelMan M V Voyager Wright_Exp,B20,,,,,,,,,200-8,32.814162,-117.151942,9/5/2014,53617,2014-09-05 20:24:35 UTC,P,,,12/11/2013,,,,,
BD,Sigourney BP - Cobb Oil,805 E Jackson St,Sigourney,IA,52591,,41.336468,-92.196152,319-694-2203,E,,Public,5am-10pm daily,A Checks Cash D M V Voyager Wright_Exp,B20 in summer,,,,,,,,,200-8,41.3368026,-92.1955912,4/4/2014,35630,2014-04-04 19:20:39 UTC,P,,,4/15/2010,,,,,
BD,Pilot Travel Center #114,2449 Genesis Rd,Crossville,TN,38571,,35.98584,-85.012878,931-787-1901,E,,Public,24 hours daily,A Cash D M V Voyager Wright_Exp,B20,,,,,,,,,200-8,35.98584,-85.012877,8/5/2014,35517,2014-08-05 17:43:49 UTC,P,,,3/1/2010,,,,,
BD,Warner Oil - Pacific Pride,73 Conover St,Coldwater,MI,49036,,41.9342224,-85.001106,517-278-5844,E,,Public - Card key at all times,24 hours daily; Pacific Pride card required,,B20 in summer,,,,,,,,,200-8,41.9342415,-85.0021635,5/2/2014,49533,2014-05-02 14:10:37 UTC,P,,,5/15/2012,,,,,
BD,Spinx #225,220 E Greer St,Honea Path,SC,29654,,34.44558,-82.390442,864-369-7230,E,,Public,24 hours daily; Also accept Fleet One,A Cash D FuelMan M V Voyager Wright_Exp,B20,,,,,,,,,200-8,34.445581,-82.39044,10/6/2014,52183,2014-10-06 15:20:20 UTC,P,,,11/15/2005,,,,,
BD,Al Parsch Oil & Propane Co,5923 W Imlay City Rd,Imlay City,MI,48444,,43.0490007,-83.1117828,810-724-6425,E,,Public,"8am-5pm M-F, 8am-12pm Sat; 24 hours with company card - contact station for information",Cash D M V,B20,,,,,,,,,200-8,43.0490379,-83.1105156,5/2/2014,52171,2014-05-02 14:27:48 UTC,P,,,1/15/2008,,,,,
BD,Piedmont Biofuels - Larry's Beans,1507 Gavin St,Raleigh,NC,27608,,35.803501,-78.634041,919-321-8260,E,,Public - Card key at all times,24 hours daily; contact station to arrange for card key,,B100,,,,,,,,,200-8,35.8035,-78.634043,7/3/2014,33132,2014-07-03 13:19:29 UTC,P,,,6/15/2008,,,,,
BD,Spinx #128,498 The Parkway,Greer,SC,29650,,34.8720203,-82.254298,864-801-8881,E,,Public,24 hours daily,A Cash D M V,B20,,,,,,,,,200-8,34.871554,-82.254063,10/6/2014,52180,2014-10-06 15:20:27 UTC,P,,,3/15/2001,,,,,
BD,Sunoco - ZSA Petroleum,298 N Main St,Spring Valley,NY,10977,,41.128166,-74.040764,845-371-6989,E,,Public,24 hours daily,A Checks Cash D M V Voyager Wright_Exp,B20,,,,,,,,,200-8,41.1281533,-74.0407641,4/4/2014,35777,2014-04-04 19:20:45 UTC,P,,,8/18/2008,,,,,
BD,Calloway Oil - E-Z Stop #20,1764 W Broadway Ave,Maryville,TN,37803,,35.7321846,-83.995503,865-379-6525,E,,Public - Credit card at all times,24 hours daily,A D M V Wright_Exp,B20,,,,,,,,,GPS,35.731306,-83.99575,8/5/2014,32008,2014-08-05 17:43:55 UTC,P,,,6/15/2007,,,,,
BD,Propel Fuels - Mak's Valero,1101 Broadway,Sacramento,CA,95818,,38.563377,-121.497925,916-442-2327,E,,Public - Credit card at all times,24 hours daily; Also accept Propel CleanDrive fleet card,A D FuelMan M V Voyager Wright_Exp,B20,,,,,,,,,200-8,38.563376,-121.497931,9/5/2014,47985,2014-09-05 20:25:24 UTC,P,,,9/11/2012,,,,,
